site,type,ms,region,Latitude,Longitude
AA1,garden,A,A,45.91201,-109.90557
AA2,garden,A,A,45.88509,-109.86897
AO1,garden,A,AO,41.38728,-105.48304
AO2,garden,A,AO,41.38809,-105.47413
SO1,garden,S,SO,41.11396,-105.51121
SO2,garden,S,SO,41.10375,-105.50114
SS1,garden,S,S,40.07072,-105.28236
SS2,garden,S,S,40.0668,-105.24803
B53,source,S,S,39.89244,-105.26918
B42,source,S,S,40.10705,-105.28365
B46,source,S,S,40.54588,-105.13292
B49,source,S,SO,40.84053,-105.33504
L11,source,S,SO,41.24026,-105.43345
L12,source,S,SO,41.25297,-105.40644
L06,source,A,AO,41.14204,-106.04387
L16,source,A,AO,41.30268,-105.5293
L17,source,A,AO,41.38666,-105.47291
C86,source,A,A,45.66205,-110.47504
C85,source,A,A,46.650558,-111.720128
C27,source,A,A,47.5479,-112.47641