pop,ms,s.region,mom,garden,g.region,ms.g,census.id,year,germ.num,germ,germ.num.y2,germ.num.2
B49,S,SO.s,AW0041,AA1,A.g,A,46,1,1,1,0,1
B42,S,S.s,AW0163,AA1,A.g,A,111,1,NA,,0,#VALUE!
B42,S,S.s,AW0175,AA1,A.g,A,31,1,0,0,0,0
L11,S,SO.s,AW0186,AA1,A.g,A,21,1,1,1,0,1
L11,S,SO.s,AW0187,AA1,A.g,A,119,1,NA,,0,#VALUE!
L11,S,SO.s,AW0190,AA1,A.g,A,27,1,2,1,0,2
L11,S,SO.s,AW0194,AA1,A.g,A,105,1,NA,,0,#VALUE!
L11,S,SO.s,AW0198,AA1,A.g,A,88,1,NA,,0,#VALUE!
L11,S,SO.s,AW0200,AA1,A.g,A,34,1,0,0,0,0
L11,S,SO.s,AW0203,AA1,A.g,A,110,1,NA,,0,#VALUE!
L11,S,SO.s,AW0210,AA1,A.g,A,22,1,0,0,0,0
L11,S,SO.s,AW0211,AA1,A.g,A,102,1,NA,,0,#VALUE!
L11,S,SO.s,AW0213,AA1,A.g,A,15,1,0,0,0,0
L12,S,SO.s,AW0283,AA1,A.g,A,13,1,0,0,0,0
L12,S,SO.s,AW0286,AA1,A.g,A,19,1,1,1,0,1
L12,S,SO.s,AW0289,AA1,A.g,A,72,1,NA,,0,#VALUE!
L12,S,SO.s,AW0291,AA1,A.g,A,80,1,NA,,0,#VALUE!
L12,S,SO.s,AW0292,AA1,A.g,A,117,1,NA,,0,#VALUE!
L12,S,SO.s,AW0293,AA1,A.g,A,91,1,NA,,0,#VALUE!
L12,S,SO.s,AW0294,AA1,A.g,A,4,1,0,0,0,0
L12,S,SO.s,AW0296,AA1,A.g,A,77,1,NA,,0,#VALUE!
L12,S,SO.s,AW0299,AA1,A.g,A,10,1,0,0,0,0
L12,S,SO.s,AW0302,AA1,A.g,A,59,1,NA,,0,#VALUE!
C27,A,A.s,EH0005,AA1,A.g,A,8,1,0,0,0,0
C27,A,A.s,EH0007,AA1,A.g,A,17,1,0,0,0,0
C27,A,A.s,EH0011,AA1,A.g,A,57,1,NA,,0,#VALUE!
C27,A,A.s,EH0014,AA1,A.g,A,5,1,0,0,0,0
C27,A,A.s,EH0016,AA1,A.g,A,78,1,NA,,0,#VALUE!
C27,A,A.s,EH0018,AA1,A.g,A,45,1,1,1,0,1
C27,A,A.s,EH0019,AA1,A.g,A,114,1,NA,,0,#VALUE!
C27,A,A.s,EH0020,AA1,A.g,A,37,1,0,0,0,0
C27,A,A.s,EH0022,AA1,A.g,A,82,1,NA,,0,#VALUE!
C27,A,A.s,EH0030,AA1,A.g,A,79,1,NA,,0,#VALUE!
C85,A,A.s,EH0045,AA1,A.g,A,107,1,NA,,0,#VALUE!
C85,A,A.s,EH0047,AA1,A.g,A,33,1,0,0,0,0
C85,A,A.s,EH0048,AA1,A.g,A,18,1,1,1,0,1
C85,A,A.s,EH0049,AA1,A.g,A,29,1,0,0,0,0
C85,A,A.s,EH0051,AA1,A.g,A,47,1,1,1,0,1
C86,A,A.s,EH0052,AA1,A.g,A,86,1,NA,,0,#VALUE!
C86,A,A.s,EH0053,AA1,A.g,A,108,1,NA,,0,#VALUE!
C86,A,A.s,EH0054,AA1,A.g,A,75,1,NA,,0,#VALUE!
C86,A,A.s,EH0060,AA1,A.g,A,49,1,NA,,0,#VALUE!
C86,A,A.s,EH0061,AA1,A.g,A,116,1,NA,,0,#VALUE!
C86,A,A.s,EH0062,AA1,A.g,A,106,1,NA,,0,#VALUE!
C86,A,A.s,EH0064,AA1,A.g,A,50,1,NA,,0,#VALUE!
C86,A,A.s,EH0066,AA1,A.g,A,12,1,0,0,0,0
C86,A,A.s,EH0069,AA1,A.g,A,41,1,1,1,0,1
C86,A,A.s,EH0072,AA1,A.g,A,53,1,NA,,0,#VALUE!
C85,A,A.s,EH0075,AA1,A.g,A,81,1,NA,,0,#VALUE!
C85,A,A.s,EH0078,AA1,A.g,A,71,1,NA,,0,#VALUE!
C85,A,A.s,EH0080,AA1,A.g,A,113,1,NA,,0,#VALUE!
C85,A,A.s,EH0082,AA1,A.g,A,44,1,1,1,0,1
C85,A,A.s,EH0084,AA1,A.g,A,95,1,NA,,0,#VALUE!
L16,A,AO.s,EH0113,AA1,A.g,A,61,1,NA,,0,#VALUE!
L16,A,AO.s,EH0114,AA1,A.g,A,100,1,NA,,0,#VALUE!
L16,A,AO.s,EH0115,AA1,A.g,A,6,1,0,0,0,0
L16,A,AO.s,EH0116,AA1,A.g,A,42,1,0,0,0,0
L16,A,AO.s,EH0121,AA1,A.g,A,1,1,0,0,0,0
L16,A,AO.s,EH0122,AA1,A.g,A,103,1,NA,,0,#VALUE!
L16,A,AO.s,EH0123,AA1,A.g,A,56,1,NA,,0,#VALUE!
L16,A,AO.s,EH0128,AA1,A.g,A,30,1,0,0,0,0
L16,A,AO.s,EH0130,AA1,A.g,A,83,1,NA,,0,#VALUE!
L16,A,AO.s,EH0131,AA1,A.g,A,67,1,NA,,0,#VALUE!
L17,A,AO.s,EH0134,AA1,A.g,A,20,1,0,0,0,0
L17,A,AO.s,EH0135,AA1,A.g,A,48,1,0,0,0,0
L17,A,AO.s,EH0136,AA1,A.g,A,58,1,NA,,0,#VALUE!
L17,A,AO.s,EH0137,AA1,A.g,A,38,1,0,0,0,0
L17,A,AO.s,EH0138,AA1,A.g,A,52,1,NA,,0,#VALUE!
L17,A,AO.s,EH0145,AA1,A.g,A,109,1,NA,,0,#VALUE!
L17,A,AO.s,EH0146,AA1,A.g,A,73,1,NA,,0,#VALUE!
L17,A,AO.s,EH0150,AA1,A.g,A,36,1,0,0,0,0
L17,A,AO.s,EH0151,AA1,A.g,A,23,1,0,0,0,0
L17,A,AO.s,EH0152,AA1,A.g,A,35,1,0,0,0,0
L06,A,AO.s,EH0155,AA1,A.g,A,115,1,NA,,0,#VALUE!
L06,A,AO.s,EH0156,AA1,A.g,A,104,1,NA,,0,#VALUE!
L06,A,AO.s,EH0158,AA1,A.g,A,74,1,NA,,0,#VALUE!
L06,A,AO.s,EH0159,AA1,A.g,A,96,1,NA,,0,#VALUE!
L06,A,AO.s,EH0163,AA1,A.g,A,26,1,1,1,0,1
L06,A,AO.s,EH0164,AA1,A.g,A,7,1,0,0,0,0
L06,A,AO.s,EH0170,AA1,A.g,A,43,1,1,1,0,1
L06,A,AO.s,EH0172,AA1,A.g,A,25,1,0,0,0,0
L06,A,AO.s,EH0173,AA1,A.g,A,90,1,NA,,0,#VALUE!
L06,A,AO.s,EH0176,AA1,A.g,A,118,1,NA,,0,#VALUE!
B49,S,SO.s,EH0184,AA1,A.g,A,28,1,0,0,0,0
B49,S,SO.s,EH0188,AA1,A.g,A,9,1,0,0,0,0
B49,S,SO.s,EH0190,AA1,A.g,A,65,1,NA,,1,#VALUE!
B49,S,SO.s,EH0194,AA1,A.g,A,3,1,1,1,0,1
B49,S,SO.s,EH0195,AA1,A.g,A,89,1,NA,,0,#VALUE!
B49,S,SO.s,EH0197,AA1,A.g,A,68,1,NA,,0,#VALUE!
B49,S,SO.s,EH0198,AA1,A.g,A,85,1,NA,,0,#VALUE!
B49,S,SO.s,EH0199,AA1,A.g,A,55,1,NA,,0,#VALUE!
B49,S,SO.s,EH0200,AA1,A.g,A,16,1,1,1,0,1
B46,S,S.s,EH0201,AA1,A.g,A,39,1,0,0,1,1
B46,S,S.s,EH0202,AA1,A.g,A,70,1,NA,,0,#VALUE!
B46,S,S.s,EH0203,AA1,A.g,A,54,1,NA,,0,#VALUE!
B46,S,S.s,EH0204,AA1,A.g,A,94,1,NA,,0,#VALUE!
B46,S,S.s,EH0206,AA1,A.g,A,2,1,1,1,0,1
B46,S,S.s,EH0207,AA1,A.g,A,101,1,NA,,0,#VALUE!
B46,S,S.s,EH0208,AA1,A.g,A,97,1,NA,,0,#VALUE!
B46,S,S.s,EH0210,AA1,A.g,A,63,1,NA,,0,#VALUE!
B46,S,S.s,EH0211,AA1,A.g,A,92,1,NA,,0,#VALUE!
B46,S,S.s,EH0216,AA1,A.g,A,87,1,NA,,0,#VALUE!
B42,S,S.s,EH0231,AA1,A.g,A,99,1,NA,,0,#VALUE!
B42,S,S.s,EH0232,AA1,A.g,A,76,1,NA,,1,#VALUE!
B42,S,S.s,EH0233,AA1,A.g,A,51,1,NA,,0,#VALUE!
B42,S,S.s,EH0237,AA1,A.g,A,112,1,NA,,0,#VALUE!
B42,S,S.s,EH0238,AA1,A.g,A,62,1,NA,,0,#VALUE!
B42,S,S.s,EH0239,AA1,A.g,A,93,1,NA,,0,#VALUE!
B42,S,S.s,EH0240,AA1,A.g,A,98,1,NA,,0,#VALUE!
B42,S,S.s,EH0244,AA1,A.g,A,69,1,NA,,0,#VALUE!
B53,S,S.s,EH0248,AA1,A.g,A,32,1,0,0,0,0
B53,S,S.s,EH0253,AA1,A.g,A,66,1,NA,,0,#VALUE!
B53,S,S.s,EH0254,AA1,A.g,A,11,1,0,0,0,0
B53,S,S.s,EH0260,AA1,A.g,A,40,1,0,0,0,0
B53,S,S.s,EH0261,AA1,A.g,A,14,1,0,0,0,0
B53,S,S.s,EH0262,AA1,A.g,A,60,1,NA,,0,#VALUE!
B53,S,S.s,EH0264,AA1,A.g,A,64,1,NA,,0,#VALUE!
B53,S,S.s,EH0265,AA1,A.g,A,84,1,NA,,0,#VALUE!
B53,S,S.s,EH0269,AA1,A.g,A,120,1,NA,,0,#VALUE!
B53,S,S.s,EH0273,AA1,A.g,A,24,1,0,0,0,0
B49,S,SO.s,AW0041,AA2,A.g,A,72,1,2,1,0,2
B42,S,S.s,AW0163,AA2,A.g,A,91,1,0,0,0,0
B42,S,S.s,AW0175,AA2,A.g,A,82,1,0,0,0,0
L11,S,SO.s,AW0186,AA2,A.g,A,69,1,2,1,0,2
L11,S,SO.s,AW0187,AA2,A.g,A,100,1,0,0,0,0
L11,S,SO.s,AW0190,AA2,A.g,A,104,1,0,0,0,0
L11,S,SO.s,AW0194,AA2,A.g,A,73,1,2,1,0,2
L11,S,SO.s,AW0198,AA2,A.g,A,37,1,0,0,0,0
L11,S,SO.s,AW0200,AA2,A.g,A,44,1,0,0,0,0
L11,S,SO.s,AW0203,AA2,A.g,A,76,1,1,1,0,1
L11,S,SO.s,AW0210,AA2,A.g,A,53,1,1,1,0,1
L11,S,SO.s,AW0211,AA2,A.g,A,36,1,0,0,0,0
L11,S,SO.s,AW0213,AA2,A.g,A,88,1,1,1,0,1
L12,S,SO.s,AW0283,AA2,A.g,A,64,1,0,0,0,0
L12,S,SO.s,AW0286,AA2,A.g,A,116,1,0,0,0,0
L12,S,SO.s,AW0289,AA2,A.g,A,15,1,1,1,0,1
L12,S,SO.s,AW0291,AA2,A.g,A,9,1,2,1,0,2
L12,S,SO.s,AW0292,AA2,A.g,A,51,1,2,1,0,2
L12,S,SO.s,AW0293,AA2,A.g,A,22,1,0,0,0,0
L12,S,SO.s,AW0294,AA2,A.g,A,50,1,2,1,0,2
L12,S,SO.s,AW0296,AA2,A.g,A,106,1,1,1,0,1
L12,S,SO.s,AW0299,AA2,A.g,A,83,1,2,1,0,2
L12,S,SO.s,AW0302,AA2,A.g,A,68,1,2,1,0,2
C27,A,A.s,EH0005,AA2,A.g,A,78,1,0,0,0,0
C27,A,A.s,EH0007,AA2,A.g,A,7,1,1,1,0,1
C27,A,A.s,EH0011,AA2,A.g,A,16,1,2,1,0,2
C27,A,A.s,EH0014,AA2,A.g,A,118,1,1,1,0,1
C27,A,A.s,EH0016,AA2,A.g,A,40,1,1,1,0,1
C27,A,A.s,EH0018,AA2,A.g,A,114,1,1,1,0,1
C27,A,A.s,EH0019,AA2,A.g,A,115,1,0,0,0,0
C27,A,A.s,EH0020,AA2,A.g,A,45,1,0,0,1,1
C27,A,A.s,EH0022,AA2,A.g,A,32,1,0,0,0,0
C27,A,A.s,EH0030,AA2,A.g,A,6,1,2,1,0,2
C85,A,A.s,EH0045,AA2,A.g,A,58,1,0,0,0,0
C85,A,A.s,EH0047,AA2,A.g,A,31,1,0,0,0,0
C85,A,A.s,EH0048,AA2,A.g,A,81,1,2,1,0,2
C85,A,A.s,EH0049,AA2,A.g,A,49,1,1,1,0,1
C85,A,A.s,EH0051,AA2,A.g,A,54,1,0,0,0,0
C86,A,A.s,EH0052,AA2,A.g,A,47,1,2,1,0,2
C86,A,A.s,EH0053,AA2,A.g,A,18,1,1,1,0,1
C86,A,A.s,EH0054,AA2,A.g,A,93,1,0,0,0,0
C86,A,A.s,EH0060,AA2,A.g,A,11,1,1,1,0,1
C86,A,A.s,EH0061,AA2,A.g,A,60,1,1,1,0,1
C86,A,A.s,EH0062,AA2,A.g,A,109,1,1,1,1,2
C86,A,A.s,EH0064,AA2,A.g,A,46,1,0,0,0,0
C86,A,A.s,EH0066,AA2,A.g,A,21,1,0,0,0,0
C86,A,A.s,EH0069,AA2,A.g,A,96,1,0,0,0,0
C86,A,A.s,EH0072,AA2,A.g,A,17,1,2,1,0,2
C85,A,A.s,EH0075,AA2,A.g,A,94,1,2,1,0,2
C85,A,A.s,EH0078,AA2,A.g,A,35,1,1,1,0,1
C85,A,A.s,EH0080,AA2,A.g,A,12,1,2,1,0,2
C85,A,A.s,EH0082,AA2,A.g,A,14,1,1,1,0,1
C85,A,A.s,EH0084,AA2,A.g,A,97,1,0,0,0,0
L16,A,AO.s,EH0113,AA2,A.g,A,1,1,0,0,0,0
L16,A,AO.s,EH0114,AA2,A.g,A,87,1,0,0,0,0
L16,A,AO.s,EH0115,AA2,A.g,A,61,1,0,0,0,0
L16,A,AO.s,EH0116,AA2,A.g,A,43,1,0,0,0,0
L16,A,AO.s,EH0121,AA2,A.g,A,117,1,2,1,0,2
L16,A,AO.s,EH0122,AA2,A.g,A,48,1,0,0,0,0
L16,A,AO.s,EH0123,AA2,A.g,A,113,1,0,0,0,0
L16,A,AO.s,EH0128,AA2,A.g,A,42,1,0,0,0,0
L16,A,AO.s,EH0130,AA2,A.g,A,30,1,1,1,0,1
L16,A,AO.s,EH0131,AA2,A.g,A,28,1,1,1,0,1
L17,A,AO.s,EH0134,AA2,A.g,A,2,1,0,0,0,0
L17,A,AO.s,EH0135,AA2,A.g,A,92,1,0,0,0,0
L17,A,AO.s,EH0136,AA2,A.g,A,111,1,1,1,0,1
L17,A,AO.s,EH0137,AA2,A.g,A,77,1,1,1,0,1
L17,A,AO.s,EH0138,AA2,A.g,A,26,1,0,0,0,0
L17,A,AO.s,EH0145,AA2,A.g,A,56,1,2,1,0,2
L17,A,AO.s,EH0146,AA2,A.g,A,29,1,1,1,0,1
L17,A,AO.s,EH0150,AA2,A.g,A,74,1,0,0,0,0
L17,A,AO.s,EH0151,AA2,A.g,A,41,1,1,1,0,1
L17,A,AO.s,EH0152,AA2,A.g,A,13,1,2,1,0,2
L06,A,AO.s,EH0155,AA2,A.g,A,5,1,1,1,0,1
L06,A,AO.s,EH0156,AA2,A.g,A,119,1,1,1,0,1
L06,A,AO.s,EH0158,AA2,A.g,A,57,1,0,0,0,0
L06,A,AO.s,EH0159,AA2,A.g,A,25,1,0,0,0,0
L06,A,AO.s,EH0163,AA2,A.g,A,66,1,0,0,0,0
L06,A,AO.s,EH0164,AA2,A.g,A,95,1,0,0,0,0
L06,A,AO.s,EH0170,AA2,A.g,A,75,1,2,1,0,2
L06,A,AO.s,EH0172,AA2,A.g,A,19,1,1,1,0,1
L06,A,AO.s,EH0173,AA2,A.g,A,80,1,0,0,0,0
L06,A,AO.s,EH0176,AA2,A.g,A,84,1,0,0,0,0
B49,S,SO.s,EH0184,AA2,A.g,A,108,1,0,0,0,0
B49,S,SO.s,EH0188,AA2,A.g,A,33,1,2,1,0,2
B49,S,SO.s,EH0190,AA2,A.g,A,63,1,0,0,0,0
B49,S,SO.s,EH0194,AA2,A.g,A,71,1,1,1,0,1
B49,S,SO.s,EH0195,AA2,A.g,A,39,1,1,1,0,1
B49,S,SO.s,EH0197,AA2,A.g,A,4,1,1,1,0,1
B49,S,SO.s,EH0198,AA2,A.g,A,23,1,0,0,0,0
B49,S,SO.s,EH0199,AA2,A.g,A,38,1,0,0,0,0
B49,S,SO.s,EH0200,AA2,A.g,A,112,1,0,0,0,0
B46,S,S.s,EH0201,AA2,A.g,A,55,1,0,0,0,0
B46,S,S.s,EH0202,AA2,A.g,A,8,1,0,0,0,0
B46,S,S.s,EH0203,AA2,A.g,A,99,1,2,1,0,2
B46,S,S.s,EH0204,AA2,A.g,A,27,1,0,0,0,0
B46,S,S.s,EH0206,AA2,A.g,A,59,1,0,0,0,0
B46,S,S.s,EH0207,AA2,A.g,A,90,1,1,1,0,1
B46,S,S.s,EH0208,AA2,A.g,A,101,1,1,1,1,2
B46,S,S.s,EH0210,AA2,A.g,A,24,1,0,0,0,0
B46,S,S.s,EH0211,AA2,A.g,A,20,1,1,1,0,1
B46,S,S.s,EH0216,AA2,A.g,A,98,1,0,0,0,0
B42,S,S.s,EH0231,AA2,A.g,A,105,1,1,1,0,1
B42,S,S.s,EH0232,AA2,A.g,A,62,1,0,0,0,0
B42,S,S.s,EH0233,AA2,A.g,A,34,1,0,0,2,2
B42,S,S.s,EH0237,AA2,A.g,A,79,1,1,1,0,1
B42,S,S.s,EH0238,AA2,A.g,A,52,1,2,1,0,2
B42,S,S.s,EH0239,AA2,A.g,A,65,1,1,1,0,1
B42,S,S.s,EH0240,AA2,A.g,A,10,1,1,1,0,1
B42,S,S.s,EH0244,AA2,A.g,A,107,1,0,0,0,0
B53,S,S.s,EH0248,AA2,A.g,A,67,1,0,0,0,0
B53,S,S.s,EH0253,AA2,A.g,A,120,1,1,1,1,2
B53,S,S.s,EH0254,AA2,A.g,A,110,1,0,0,0,0
B53,S,S.s,EH0260,AA2,A.g,A,85,1,0,0,0,0
B53,S,S.s,EH0261,AA2,A.g,A,89,1,0,0,0,0
B53,S,S.s,EH0262,AA2,A.g,A,102,1,1,1,0,1
B53,S,S.s,EH0264,AA2,A.g,A,70,1,0,0,0,0
B53,S,S.s,EH0265,AA2,A.g,A,3,1,0,0,0,0
B53,S,S.s,EH0269,AA2,A.g,A,103,1,1,1,0,1
B53,S,S.s,EH0273,AA2,A.g,A,86,1,0,0,0,0
B49,S,SO.s,AW0041,AO1,AO.g,A,37,1,2,1,0,2
B42,S,S.s,AW0163,AO1,AO.g,A,60,1,2,1,0,2
B42,S,S.s,AW0175,AO1,AO.g,A,88,1,1,1,0,1
L11,S,SO.s,AW0186,AO1,AO.g,A,82,1,2,1,0,2
L11,S,SO.s,AW0187,AO1,AO.g,A,54,1,1,1,0,1
L11,S,SO.s,AW0190,AO1,AO.g,A,56,1,0,0,0,0
L11,S,SO.s,AW0194,AO1,AO.g,A,1,1,1,1,0,1
L11,S,SO.s,AW0198,AO1,AO.g,A,109,1,2,1,0,2
L11,S,SO.s,AW0200,AO1,AO.g,A,3,1,0,0,0,0
L11,S,SO.s,AW0203,AO1,AO.g,A,104,1,1,1,0,1
L11,S,SO.s,AW0210,AO1,AO.g,A,78,1,1,1,0,1
L11,S,SO.s,AW0211,AO1,AO.g,A,96,1,0,0,0,0
L11,S,SO.s,AW0213,AO1,AO.g,A,58,1,0,0,0,0
L12,S,SO.s,AW0283,AO1,AO.g,A,105,1,2,1,0,2
L12,S,SO.s,AW0286,AO1,AO.g,A,110,1,1,1,0,1
L12,S,SO.s,AW0289,AO1,AO.g,A,17,1,1,1,0,1
L12,S,SO.s,AW0291,AO1,AO.g,A,107,1,1,1,0,1
L12,S,SO.s,AW0292,AO1,AO.g,A,45,1,2,1,0,2
L12,S,SO.s,AW0293,AO1,AO.g,A,113,1,0,0,0,0
L12,S,SO.s,AW0294,AO1,AO.g,A,52,1,1,1,0,1
L12,S,SO.s,AW0296,AO1,AO.g,A,84,1,0,0,0,0
L12,S,SO.s,AW0299,AO1,AO.g,A,97,1,0,0,0,0
L12,S,SO.s,AW0302,AO1,AO.g,A,38,1,2,1,0,2
C27,A,A.s,EH0005,AO1,AO.g,A,16,1,1,1,0,1
C27,A,A.s,EH0007,AO1,AO.g,A,55,1,1,1,0,1
C27,A,A.s,EH0011,AO1,AO.g,A,65,1,2,1,0,2
C27,A,A.s,EH0014,AO1,AO.g,A,13,1,1,1,0,1
C27,A,A.s,EH0016,AO1,AO.g,A,44,1,2,1,0,2
C27,A,A.s,EH0018,AO1,AO.g,A,71,1,1,1,0,1
C27,A,A.s,EH0019,AO1,AO.g,A,120,1,1,1,0,1
C27,A,A.s,EH0020,AO1,AO.g,A,30,1,2,1,0,2
C27,A,A.s,EH0022,AO1,AO.g,A,86,1,2,1,0,2
C27,A,A.s,EH0030,AO1,AO.g,A,70,1,0,0,0,0
C85,A,A.s,EH0045,AO1,AO.g,A,14,1,2,1,0,2
C85,A,A.s,EH0047,AO1,AO.g,A,21,1,2,1,0,2
C85,A,A.s,EH0048,AO1,AO.g,A,31,1,0,0,0,0
C85,A,A.s,EH0049,AO1,AO.g,A,6,1,1,1,0,1
C85,A,A.s,EH0051,AO1,AO.g,A,72,1,2,1,0,2
C86,A,A.s,EH0052,AO1,AO.g,A,79,1,1,1,0,1
C86,A,A.s,EH0053,AO1,AO.g,A,74,1,2,1,0,2
C86,A,A.s,EH0054,AO1,AO.g,A,35,1,2,1,0,2
C86,A,A.s,EH0060,AO1,AO.g,A,61,1,1,1,0,1
C86,A,A.s,EH0061,AO1,AO.g,A,112,1,1,1,0,1
C86,A,A.s,EH0062,AO1,AO.g,A,41,1,1,1,0,1
C86,A,A.s,EH0064,AO1,AO.g,A,48,1,2,1,0,2
C86,A,A.s,EH0066,AO1,AO.g,A,59,1,1,1,0,1
C86,A,A.s,EH0069,AO1,AO.g,A,10,1,1,1,0,1
C86,A,A.s,EH0072,AO1,AO.g,A,24,1,2,1,0,2
C85,A,A.s,EH0075,AO1,AO.g,A,28,1,1,1,0,1
C85,A,A.s,EH0078,AO1,AO.g,A,114,1,0,0,0,0
C85,A,A.s,EH0080,AO1,AO.g,A,53,1,1,1,0,1
C85,A,A.s,EH0082,AO1,AO.g,A,91,1,0,0,0,0
C85,A,A.s,EH0084,AO1,AO.g,A,27,1,2,1,0,2
L16,A,AO.s,EH0113,AO1,AO.g,A,5,1,1,1,0,1
L16,A,AO.s,EH0114,AO1,AO.g,A,23,1,2,1,0,2
L16,A,AO.s,EH0115,AO1,AO.g,A,47,1,0,0,0,0
L16,A,AO.s,EH0116,AO1,AO.g,A,116,1,0,0,0,0
L16,A,AO.s,EH0121,AO1,AO.g,A,57,1,1,1,0,1
L16,A,AO.s,EH0122,AO1,AO.g,A,46,1,0,0,0,0
L16,A,AO.s,EH0123,AO1,AO.g,A,119,1,0,0,0,0
L16,A,AO.s,EH0128,AO1,AO.g,A,4,1,1,1,0,1
L16,A,AO.s,EH0130,AO1,AO.g,A,106,1,0,0,0,0
L16,A,AO.s,EH0131,AO1,AO.g,A,94,1,0,0,0,0
L17,A,AO.s,EH0134,AO1,AO.g,A,92,1,2,1,0,2
L17,A,AO.s,EH0135,AO1,AO.g,A,32,1,1,1,0,1
L17,A,AO.s,EH0136,AO1,AO.g,A,100,1,2,1,0,2
L17,A,AO.s,EH0137,AO1,AO.g,A,26,1,1,1,0,1
L17,A,AO.s,EH0138,AO1,AO.g,A,39,1,1,1,0,1
L17,A,AO.s,EH0145,AO1,AO.g,A,87,1,2,1,0,2
L17,A,AO.s,EH0146,AO1,AO.g,A,7,1,1,1,0,1
L17,A,AO.s,EH0150,AO1,AO.g,A,25,1,1,1,0,1
L17,A,AO.s,EH0151,AO1,AO.g,A,73,1,2,1,0,2
L17,A,AO.s,EH0152,AO1,AO.g,A,99,1,0,0,0,0
L06,A,AO.s,EH0155,AO1,AO.g,A,108,1,0,0,0,0
L06,A,AO.s,EH0156,AO1,AO.g,A,66,1,0,0,0,0
L06,A,AO.s,EH0158,AO1,AO.g,A,67,1,1,1,1,2
L06,A,AO.s,EH0159,AO1,AO.g,A,76,1,2,1,0,2
L06,A,AO.s,EH0163,AO1,AO.g,A,49,1,1,1,0,1
L06,A,AO.s,EH0164,AO1,AO.g,A,12,1,2,1,0,2
L06,A,AO.s,EH0170,AO1,AO.g,A,29,1,1,1,0,1
L06,A,AO.s,EH0172,AO1,AO.g,A,103,1,2,1,0,2
L06,A,AO.s,EH0173,AO1,AO.g,A,11,1,0,0,0,0
L06,A,AO.s,EH0176,AO1,AO.g,A,98,1,1,1,0,1
B49,S,SO.s,EH0184,AO1,AO.g,A,43,1,0,0,0,0
B49,S,SO.s,EH0188,AO1,AO.g,A,64,1,1,1,0,1
B49,S,SO.s,EH0190,AO1,AO.g,A,42,1,0,0,0,0
B49,S,SO.s,EH0194,AO1,AO.g,A,77,1,2,1,0,2
B49,S,SO.s,EH0195,AO1,AO.g,A,50,1,1,1,0,1
B49,S,SO.s,EH0197,AO1,AO.g,A,118,1,0,0,0,0
B49,S,SO.s,EH0198,AO1,AO.g,A,18,1,1,1,0,1
B49,S,SO.s,EH0199,AO1,AO.g,A,9,1,0,0,0,0
B49,S,SO.s,EH0200,AO1,AO.g,A,111,1,0,0,0,0
B46,S,S.s,EH0201,AO1,AO.g,A,2,1,0,0,0,0
B46,S,S.s,EH0202,AO1,AO.g,A,63,1,2,1,0,2
B46,S,S.s,EH0203,AO1,AO.g,A,33,1,1,1,0,1
B46,S,S.s,EH0204,AO1,AO.g,A,15,1,0,0,0,0
B46,S,S.s,EH0206,AO1,AO.g,A,102,1,2,1,0,2
B46,S,S.s,EH0207,AO1,AO.g,A,101,1,1,1,0,1
B46,S,S.s,EH0208,AO1,AO.g,A,20,1,2,1,0,2
B46,S,S.s,EH0210,AO1,AO.g,A,95,1,1,1,0,1
B46,S,S.s,EH0211,AO1,AO.g,A,89,1,2,1,0,2
B46,S,S.s,EH0216,AO1,AO.g,A,85,1,1,1,0,1
B42,S,S.s,EH0231,AO1,AO.g,A,93,1,1,1,0,1
B42,S,S.s,EH0232,AO1,AO.g,A,8,1,2,1,0,2
B42,S,S.s,EH0233,AO1,AO.g,A,62,1,2,1,0,2
B42,S,S.s,EH0237,AO1,AO.g,A,115,1,0,0,0,0
B42,S,S.s,EH0238,AO1,AO.g,A,80,1,1,1,0,1
B42,S,S.s,EH0239,AO1,AO.g,A,75,1,2,1,0,2
B42,S,S.s,EH0240,AO1,AO.g,A,22,1,2,1,0,2
B42,S,S.s,EH0244,AO1,AO.g,A,40,1,1,1,0,1
B53,S,S.s,EH0248,AO1,AO.g,A,117,1,1,1,0,1
B53,S,S.s,EH0253,AO1,AO.g,A,51,1,0,0,0,0
B53,S,S.s,EH0254,AO1,AO.g,A,81,1,1,1,0,1
B53,S,S.s,EH0260,AO1,AO.g,A,19,1,0,0,0,0
B53,S,S.s,EH0261,AO1,AO.g,A,36,1,0,0,0,0
B53,S,S.s,EH0262,AO1,AO.g,A,83,1,1,1,0,1
B53,S,S.s,EH0264,AO1,AO.g,A,69,1,1,1,0,1
B53,S,S.s,EH0265,AO1,AO.g,A,90,1,1,1,0,1
B53,S,S.s,EH0269,AO1,AO.g,A,68,1,2,1,0,2
B53,S,S.s,EH0273,AO1,AO.g,A,34,1,0,0,0,0
B49,S,SO.s,AW0041,AO2,AO.g,A,46,1,1,1,0,1
B42,S,S.s,AW0163,AO2,AO.g,A,2,1,2,1,0,2
B42,S,S.s,AW0175,AO2,AO.g,A,54,1,1,1,0,1
L11,S,SO.s,AW0186,AO2,AO.g,A,82,1,0,0,0,0
L11,S,SO.s,AW0187,AO2,AO.g,A,10,1,1,1,0,1
L11,S,SO.s,AW0190,AO2,AO.g,A,3,1,2,1,0,2
L11,S,SO.s,AW0194,AO2,AO.g,A,49,1,1,1,0,1
L11,S,SO.s,AW0198,AO2,AO.g,A,47,1,0,0,0,0
L11,S,SO.s,AW0200,AO2,AO.g,A,42,1,0,0,0,0
L11,S,SO.s,AW0203,AO2,AO.g,A,102,1,0,0,0,0
L11,S,SO.s,AW0210,AO2,AO.g,A,103,1,1,1,0,1
L11,S,SO.s,AW0211,AO2,AO.g,A,9,1,0,0,0,0
L11,S,SO.s,AW0213,AO2,AO.g,A,27,1,0,0,0,0
L12,S,SO.s,AW0283,AO2,AO.g,A,77,1,1,1,0,1
L12,S,SO.s,AW0286,AO2,AO.g,A,99,1,2,1,0,2
L12,S,SO.s,AW0289,AO2,AO.g,A,4,1,2,1,0,2
L12,S,SO.s,AW0291,AO2,AO.g,A,88,1,2,1,0,2
L12,S,SO.s,AW0292,AO2,AO.g,A,19,1,1,1,0,1
L12,S,SO.s,AW0293,AO2,AO.g,A,89,1,0,0,0,0
L12,S,SO.s,AW0294,AO2,AO.g,A,25,1,2,1,0,2
L12,S,SO.s,AW0296,AO2,AO.g,A,51,1,2,1,0,2
L12,S,SO.s,AW0299,AO2,AO.g,A,32,1,2,1,0,2
L12,S,SO.s,AW0302,AO2,AO.g,A,100,1,1,1,0,1
C27,A,A.s,EH0005,AO2,AO.g,A,87,1,1,1,0,1
C27,A,A.s,EH0007,AO2,AO.g,A,84,1,2,1,0,2
C27,A,A.s,EH0011,AO2,AO.g,A,81,1,1,1,0,1
C27,A,A.s,EH0014,AO2,AO.g,A,62,1,2,1,0,2
C27,A,A.s,EH0016,AO2,AO.g,A,34,1,2,1,0,2
C27,A,A.s,EH0018,AO2,AO.g,A,11,1,2,1,0,2
C27,A,A.s,EH0019,AO2,AO.g,A,93,1,1,1,0,1
C27,A,A.s,EH0020,AO2,AO.g,A,91,1,2,1,0,2
C27,A,A.s,EH0022,AO2,AO.g,A,116,1,2,1,0,2
C27,A,A.s,EH0030,AO2,AO.g,A,92,1,2,1,0,2
C85,A,A.s,EH0045,AO2,AO.g,A,101,1,1,1,0,1
C85,A,A.s,EH0047,AO2,AO.g,A,40,1,2,1,0,2
C85,A,A.s,EH0048,AO2,AO.g,A,104,1,1,1,0,1
C85,A,A.s,EH0049,AO2,AO.g,A,36,1,2,1,0,2
C85,A,A.s,EH0051,AO2,AO.g,A,1,1,0,0,1,1
C86,A,A.s,EH0052,AO2,AO.g,A,15,1,2,1,0,2
C86,A,A.s,EH0053,AO2,AO.g,A,113,1,1,1,0,1
C86,A,A.s,EH0054,AO2,AO.g,A,69,1,1,1,0,1
C86,A,A.s,EH0060,AO2,AO.g,A,52,1,2,1,0,2
C86,A,A.s,EH0061,AO2,AO.g,A,43,1,2,1,0,2
C86,A,A.s,EH0062,AO2,AO.g,A,55,1,0,0,0,0
C86,A,A.s,EH0064,AO2,AO.g,A,78,1,2,1,0,2
C86,A,A.s,EH0066,AO2,AO.g,A,13,1,1,1,0,1
C86,A,A.s,EH0069,AO2,AO.g,A,50,1,2,1,0,2
C86,A,A.s,EH0072,AO2,AO.g,A,5,1,2,1,0,2
C85,A,A.s,EH0075,AO2,AO.g,A,16,1,1,1,0,1
C85,A,A.s,EH0078,AO2,AO.g,A,80,1,2,1,0,2
C85,A,A.s,EH0080,AO2,AO.g,A,110,1,1,1,0,1
C85,A,A.s,EH0082,AO2,AO.g,A,18,1,1,1,0,1
C85,A,A.s,EH0084,AO2,AO.g,A,7,1,1,1,1,2
L16,A,AO.s,EH0113,AO2,AO.g,A,74,1,1,1,0,1
L16,A,AO.s,EH0114,AO2,AO.g,A,114,1,2,1,0,2
L16,A,AO.s,EH0115,AO2,AO.g,A,6,1,1,1,0,1
L16,A,AO.s,EH0116,AO2,AO.g,A,29,1,0,0,1,1
L16,A,AO.s,EH0121,AO2,AO.g,A,90,1,1,1,0,1
L16,A,AO.s,EH0122,AO2,AO.g,A,45,1,2,1,0,2
L16,A,AO.s,EH0123,AO2,AO.g,A,65,1,1,1,0,1
L16,A,AO.s,EH0128,AO2,AO.g,A,48,1,1,1,0,1
L16,A,AO.s,EH0130,AO2,AO.g,A,58,1,0,0,0,0
L16,A,AO.s,EH0131,AO2,AO.g,A,63,1,1,1,0,1
L17,A,AO.s,EH0134,AO2,AO.g,A,72,1,2,1,0,2
L17,A,AO.s,EH0135,AO2,AO.g,A,95,1,2,1,0,2
L17,A,AO.s,EH0136,AO2,AO.g,A,33,1,1,1,0,1
L17,A,AO.s,EH0137,AO2,AO.g,A,85,1,2,1,0,2
L17,A,AO.s,EH0138,AO2,AO.g,A,53,1,2,1,0,2
L17,A,AO.s,EH0145,AO2,AO.g,A,73,1,1,1,0,1
L17,A,AO.s,EH0146,AO2,AO.g,A,66,1,2,1,0,2
L17,A,AO.s,EH0150,AO2,AO.g,A,28,1,1,1,0,1
L17,A,AO.s,EH0151,AO2,AO.g,A,96,1,2,1,0,2
L17,A,AO.s,EH0152,AO2,AO.g,A,20,1,2,1,0,2
L06,A,AO.s,EH0155,AO2,AO.g,A,97,1,2,1,0,2
L06,A,AO.s,EH0156,AO2,AO.g,A,118,1,1,1,0,1
L06,A,AO.s,EH0158,AO2,AO.g,A,112,1,1,1,0,1
L06,A,AO.s,EH0159,AO2,AO.g,A,61,1,2,1,0,2
L06,A,AO.s,EH0163,AO2,AO.g,A,12,1,2,1,0,2
L06,A,AO.s,EH0164,AO2,AO.g,A,86,1,2,1,0,2
L06,A,AO.s,EH0170,AO2,AO.g,A,37,1,1,1,0,1
L06,A,AO.s,EH0172,AO2,AO.g,A,17,1,1,1,0,1
L06,A,AO.s,EH0173,AO2,AO.g,A,94,1,1,1,0,1
L06,A,AO.s,EH0176,AO2,AO.g,A,75,1,1,1,0,1
B49,S,SO.s,EH0184,AO2,AO.g,A,98,1,1,1,0,1
B49,S,SO.s,EH0188,AO2,AO.g,A,57,1,1,1,0,1
B49,S,SO.s,EH0190,AO2,AO.g,A,111,1,1,1,0,1
B49,S,SO.s,EH0194,AO2,AO.g,A,35,1,2,1,0,2
B49,S,SO.s,EH0195,AO2,AO.g,A,21,1,0,0,0,0
B49,S,SO.s,EH0197,AO2,AO.g,A,67,1,2,1,0,2
B49,S,SO.s,EH0198,AO2,AO.g,A,31,1,1,1,0,1
B49,S,SO.s,EH0199,AO2,AO.g,A,79,1,1,1,0,1
B49,S,SO.s,EH0200,AO2,AO.g,A,23,1,1,1,0,1
B46,S,S.s,EH0201,AO2,AO.g,A,119,1,0,0,0,0
B46,S,S.s,EH0202,AO2,AO.g,A,70,1,1,1,0,1
B46,S,S.s,EH0203,AO2,AO.g,A,38,1,1,1,1,2
B46,S,S.s,EH0204,AO2,AO.g,A,56,1,0,0,0,0
B46,S,S.s,EH0206,AO2,AO.g,A,22,1,2,1,0,2
B46,S,S.s,EH0207,AO2,AO.g,A,14,1,2,1,0,2
B46,S,S.s,EH0208,AO2,AO.g,A,44,1,1,1,1,2
B46,S,S.s,EH0210,AO2,AO.g,A,109,1,2,1,0,2
B46,S,S.s,EH0211,AO2,AO.g,A,108,1,2,1,0,2
B46,S,S.s,EH0216,AO2,AO.g,A,60,1,1,1,0,1
B42,S,S.s,EH0231,AO2,AO.g,A,106,1,0,0,0,0
B42,S,S.s,EH0232,AO2,AO.g,A,71,1,1,1,0,1
B42,S,S.s,EH0233,AO2,AO.g,A,120,1,2,1,0,2
B42,S,S.s,EH0237,AO2,AO.g,A,41,1,2,1,0,2
B42,S,S.s,EH0238,AO2,AO.g,A,8,1,2,1,0,2
B42,S,S.s,EH0239,AO2,AO.g,A,59,1,2,1,0,2
B42,S,S.s,EH0240,AO2,AO.g,A,107,1,0,0,1,1
B42,S,S.s,EH0244,AO2,AO.g,A,83,1,2,1,0,2
B53,S,S.s,EH0248,AO2,AO.g,A,24,1,0,0,0,0
B53,S,S.s,EH0253,AO2,AO.g,A,105,1,0,0,0,0
B53,S,S.s,EH0254,AO2,AO.g,A,115,1,2,1,0,2
B53,S,S.s,EH0260,AO2,AO.g,A,30,1,0,0,0,0
B53,S,S.s,EH0261,AO2,AO.g,A,76,1,0,0,0,0
B53,S,S.s,EH0262,AO2,AO.g,A,26,1,1,1,0,1
B53,S,S.s,EH0264,AO2,AO.g,A,64,1,1,1,0,1
B53,S,S.s,EH0265,AO2,AO.g,A,117,1,0,0,0,0
B53,S,S.s,EH0269,AO2,AO.g,A,39,1,0,0,0,0
B53,S,S.s,EH0273,AO2,AO.g,A,68,1,1,1,0,1
B49,S,SO.s,AW0041,SO1,SO.g,S,96,1,0,0,0,0
B42,S,S.s,AW0163,SO1,SO.g,S,24,1,1,1,0,1
B42,S,S.s,AW0175,SO1,SO.g,S,34,1,1,1,0,1
L11,S,SO.s,AW0186,SO1,SO.g,S,1,1,0,0,1,1
L11,S,SO.s,AW0187,SO1,SO.g,S,21,1,1,1,0,1
L11,S,SO.s,AW0190,SO1,SO.g,S,107,1,2,1,0,2
L11,S,SO.s,AW0194,SO1,SO.g,S,50,1,0,0,1,1
L11,S,SO.s,AW0198,SO1,SO.g,S,114,1,0,0,0,0
L11,S,SO.s,AW0200,SO1,SO.g,S,120,1,0,0,0,0
L11,S,SO.s,AW0203,SO1,SO.g,S,42,1,2,1,0,2
L11,S,SO.s,AW0210,SO1,SO.g,S,45,1,2,1,0,2
L11,S,SO.s,AW0211,SO1,SO.g,S,37,1,0,0,0,0
L11,S,SO.s,AW0213,SO1,SO.g,S,69,1,1,1,0,1
L12,S,SO.s,AW0283,SO1,SO.g,S,3,1,0,0,0,0
L12,S,SO.s,AW0286,SO1,SO.g,S,100,1,0,0,0,0
L12,S,SO.s,AW0289,SO1,SO.g,S,67,1,1,1,0,1
L12,S,SO.s,AW0291,SO1,SO.g,S,47,1,0,0,0,0
L12,S,SO.s,AW0292,SO1,SO.g,S,79,1,0,0,0,0
L12,S,SO.s,AW0293,SO1,SO.g,S,6,1,0,0,0,0
L12,S,SO.s,AW0294,SO1,SO.g,S,119,1,0,0,0,0
L12,S,SO.s,AW0296,SO1,SO.g,S,57,1,1,1,0,1
L12,S,SO.s,AW0299,SO1,SO.g,S,38,1,2,1,0,2
L12,S,SO.s,AW0302,SO1,SO.g,S,89,1,1,1,0,1
C27,A,A.s,EH0005,SO1,SO.g,S,40,1,0,0,0,0
C27,A,A.s,EH0007,SO1,SO.g,S,72,1,0,0,0,0
C27,A,A.s,EH0011,SO1,SO.g,S,83,1,1,1,0,1
C27,A,A.s,EH0014,SO1,SO.g,S,27,1,1,1,0,1
C27,A,A.s,EH0016,SO1,SO.g,S,99,1,1,1,0,1
C27,A,A.s,EH0018,SO1,SO.g,S,9,1,1,1,0,1
C27,A,A.s,EH0019,SO1,SO.g,S,70,1,1,1,0,1
C27,A,A.s,EH0020,SO1,SO.g,S,53,1,0,0,0,0
C27,A,A.s,EH0022,SO1,SO.g,S,46,1,2,1,0,2
C27,A,A.s,EH0030,SO1,SO.g,S,39,1,0,0,0,0
C85,A,A.s,EH0045,SO1,SO.g,S,17,1,0,0,0,0
C85,A,A.s,EH0047,SO1,SO.g,S,65,1,0,0,0,0
C85,A,A.s,EH0048,SO1,SO.g,S,62,1,0,0,0,0
C85,A,A.s,EH0049,SO1,SO.g,S,94,1,1,1,0,1
C85,A,A.s,EH0051,SO1,SO.g,S,56,1,0,0,0,0
C86,A,A.s,EH0052,SO1,SO.g,S,92,1,1,1,0,1
C86,A,A.s,EH0053,SO1,SO.g,S,110,1,1,1,0,1
C86,A,A.s,EH0054,SO1,SO.g,S,68,1,2,1,0,2
C86,A,A.s,EH0060,SO1,SO.g,S,91,1,0,0,0,0
C86,A,A.s,EH0061,SO1,SO.g,S,12,1,1,1,0,1
C86,A,A.s,EH0062,SO1,SO.g,S,19,1,0,0,0,0
C86,A,A.s,EH0064,SO1,SO.g,S,105,1,2,1,0,2
C86,A,A.s,EH0066,SO1,SO.g,S,115,1,0,0,0,0
C86,A,A.s,EH0069,SO1,SO.g,S,71,1,1,1,0,1
C86,A,A.s,EH0072,SO1,SO.g,S,77,1,1,1,0,1
C85,A,A.s,EH0075,SO1,SO.g,S,32,1,2,1,0,2
C85,A,A.s,EH0078,SO1,SO.g,S,103,1,0,0,0,0
C85,A,A.s,EH0080,SO1,SO.g,S,108,1,2,1,0,2
C85,A,A.s,EH0082,SO1,SO.g,S,87,1,0,0,0,0
C85,A,A.s,EH0084,SO1,SO.g,S,75,1,2,1,0,2
L16,A,AO.s,EH0113,SO1,SO.g,S,51,1,1,1,0,1
L16,A,AO.s,EH0114,SO1,SO.g,S,58,1,0,0,0,0
L16,A,AO.s,EH0115,SO1,SO.g,S,28,1,0,0,0,0
L16,A,AO.s,EH0116,SO1,SO.g,S,43,1,0,0,0,0
L16,A,AO.s,EH0121,SO1,SO.g,S,111,1,1,1,0,1
L16,A,AO.s,EH0122,SO1,SO.g,S,55,1,1,1,0,1
L16,A,AO.s,EH0123,SO1,SO.g,S,16,1,0,0,0,0
L16,A,AO.s,EH0128,SO1,SO.g,S,48,1,1,1,0,1
L16,A,AO.s,EH0130,SO1,SO.g,S,80,1,1,1,0,1
L16,A,AO.s,EH0131,SO1,SO.g,S,22,1,0,0,0,0
L17,A,AO.s,EH0134,SO1,SO.g,S,13,1,1,1,0,1
L17,A,AO.s,EH0135,SO1,SO.g,S,116,1,0,0,0,0
L17,A,AO.s,EH0136,SO1,SO.g,S,61,1,0,0,1,1
L17,A,AO.s,EH0137,SO1,SO.g,S,73,1,1,1,0,1
L17,A,AO.s,EH0138,SO1,SO.g,S,93,1,1,1,0,1
L17,A,AO.s,EH0145,SO1,SO.g,S,25,1,1,1,0,1
L17,A,AO.s,EH0146,SO1,SO.g,S,15,1,1,1,0,1
L17,A,AO.s,EH0150,SO1,SO.g,S,76,1,1,1,0,1
L17,A,AO.s,EH0151,SO1,SO.g,S,106,1,1,1,0,1
L17,A,AO.s,EH0152,SO1,SO.g,S,85,1,0,0,0,0
L06,A,AO.s,EH0155,SO1,SO.g,S,81,1,1,1,0,1
L06,A,AO.s,EH0156,SO1,SO.g,S,101,1,0,0,0,0
L06,A,AO.s,EH0158,SO1,SO.g,S,117,1,1,1,0,1
L06,A,AO.s,EH0159,SO1,SO.g,S,52,1,1,1,0,1
L06,A,AO.s,EH0163,SO1,SO.g,S,98,1,0,0,0,0
L06,A,AO.s,EH0164,SO1,SO.g,S,11,1,1,1,0,1
L06,A,AO.s,EH0170,SO1,SO.g,S,64,1,1,1,0,1
L06,A,AO.s,EH0172,SO1,SO.g,S,60,1,0,0,1,1
L06,A,AO.s,EH0173,SO1,SO.g,S,88,1,2,1,0,2
L06,A,AO.s,EH0176,SO1,SO.g,S,7,1,0,0,0,0
B49,S,SO.s,EH0184,SO1,SO.g,S,102,1,0,0,0,0
B49,S,SO.s,EH0188,SO1,SO.g,S,63,1,1,1,0,1
B49,S,SO.s,EH0190,SO1,SO.g,S,30,1,0,0,0,0
B49,S,SO.s,EH0194,SO1,SO.g,S,26,1,2,1,0,2
B49,S,SO.s,EH0195,SO1,SO.g,S,14,1,0,0,0,0
B49,S,SO.s,EH0197,SO1,SO.g,S,41,1,0,0,0,0
B49,S,SO.s,EH0198,SO1,SO.g,S,2,1,0,0,0,0
B49,S,SO.s,EH0199,SO1,SO.g,S,44,1,2,1,0,2
B49,S,SO.s,EH0200,SO1,SO.g,S,10,1,0,0,0,0
B46,S,S.s,EH0201,SO1,SO.g,S,97,1,0,0,0,0
B46,S,S.s,EH0202,SO1,SO.g,S,8,1,0,0,0,0
B46,S,S.s,EH0203,SO1,SO.g,S,66,1,1,1,0,1
B46,S,S.s,EH0204,SO1,SO.g,S,78,1,0,0,0,0
B46,S,S.s,EH0206,SO1,SO.g,S,33,1,2,1,0,2
B46,S,S.s,EH0207,SO1,SO.g,S,35,1,1,1,0,1
B46,S,S.s,EH0208,SO1,SO.g,S,95,1,0,0,1,1
B46,S,S.s,EH0210,SO1,SO.g,S,113,1,0,0,0,0
B46,S,S.s,EH0211,SO1,SO.g,S,23,1,2,1,0,2
B46,S,S.s,EH0216,SO1,SO.g,S,59,1,0,0,0,0
B42,S,S.s,EH0231,SO1,SO.g,S,4,1,0,0,0,0
B42,S,S.s,EH0232,SO1,SO.g,S,49,1,0,0,1,1
B42,S,S.s,EH0233,SO1,SO.g,S,112,1,0,0,0,0
B42,S,S.s,EH0237,SO1,SO.g,S,118,1,1,1,1,2
B42,S,S.s,EH0238,SO1,SO.g,S,20,1,2,1,0,2
B42,S,S.s,EH0239,SO1,SO.g,S,104,1,1,1,0,1
B42,S,S.s,EH0240,SO1,SO.g,S,31,1,0,0,0,0
B42,S,S.s,EH0244,SO1,SO.g,S,36,1,1,1,0,1
B53,S,S.s,EH0248,SO1,SO.g,S,86,1,1,1,0,1
B53,S,S.s,EH0253,SO1,SO.g,S,5,1,0,0,0,0
B53,S,S.s,EH0254,SO1,SO.g,S,29,1,1,1,0,1
B53,S,S.s,EH0260,SO1,SO.g,S,18,1,0,0,0,0
B53,S,S.s,EH0261,SO1,SO.g,S,90,1,0,0,0,0
B53,S,S.s,EH0262,SO1,SO.g,S,109,1,0,0,0,0
B53,S,S.s,EH0264,SO1,SO.g,S,84,1,1,1,0,1
B53,S,S.s,EH0265,SO1,SO.g,S,54,1,2,1,0,2
B53,S,S.s,EH0269,SO1,SO.g,S,82,1,0,0,0,0
B53,S,S.s,EH0273,SO1,SO.g,S,74,1,0,0,0,0
B49,S,SO.s,AW0041,SO2,SO.g,S,75,1,1,1,0,1
B42,S,S.s,AW0163,SO2,SO.g,S,6,1,1,1,0,1
B42,S,S.s,AW0175,SO2,SO.g,S,80,1,0,0,0,0
L11,S,SO.s,AW0186,SO2,SO.g,S,91,1,0,0,0,0
L11,S,SO.s,AW0187,SO2,SO.g,S,103,1,1,1,0,1
L11,S,SO.s,AW0190,SO2,SO.g,S,24,1,1,1,0,1
L11,S,SO.s,AW0194,SO2,SO.g,S,4,1,2,1,0,2
L11,S,SO.s,AW0198,SO2,SO.g,S,10,1,0,0,0,0
L11,S,SO.s,AW0200,SO2,SO.g,S,113,1,0,0,0,0
L11,S,SO.s,AW0203,SO2,SO.g,S,85,1,1,1,0,1
L11,S,SO.s,AW0210,SO2,SO.g,S,81,1,2,1,0,2
L11,S,SO.s,AW0211,SO2,SO.g,S,93,1,0,0,0,0
L11,S,SO.s,AW0213,SO2,SO.g,S,99,1,0,0,0,0
L12,S,SO.s,AW0283,SO2,SO.g,S,70,1,1,1,0,1
L12,S,SO.s,AW0286,SO2,SO.g,S,87,1,1,1,0,1
L12,S,SO.s,AW0289,SO2,SO.g,S,107,1,2,1,0,2
L12,S,SO.s,AW0291,SO2,SO.g,S,40,1,0,0,0,0
L12,S,SO.s,AW0292,SO2,SO.g,S,25,1,1,1,0,1
L12,S,SO.s,AW0293,SO2,SO.g,S,30,1,0,0,0,0
L12,S,SO.s,AW0294,SO2,SO.g,S,12,1,0,0,0,0
L12,S,SO.s,AW0296,SO2,SO.g,S,97,1,1,1,0,1
L12,S,SO.s,AW0299,SO2,SO.g,S,118,1,0,0,0,0
L12,S,SO.s,AW0302,SO2,SO.g,S,71,1,2,1,0,2
C27,A,A.s,EH0005,SO2,SO.g,S,9,1,2,1,0,2
C27,A,A.s,EH0007,SO2,SO.g,S,5,1,1,1,0,1
C27,A,A.s,EH0011,SO2,SO.g,S,31,1,0,0,0,0
C27,A,A.s,EH0014,SO2,SO.g,S,36,1,0,0,0,0
C27,A,A.s,EH0016,SO2,SO.g,S,48,1,1,1,0,1
C27,A,A.s,EH0018,SO2,SO.g,S,95,1,0,0,0,0
C27,A,A.s,EH0019,SO2,SO.g,S,94,1,0,0,0,0
C27,A,A.s,EH0020,SO2,SO.g,S,43,1,0,0,1,1
C27,A,A.s,EH0022,SO2,SO.g,S,119,1,0,0,0,0
C27,A,A.s,EH0030,SO2,SO.g,S,83,1,1,1,0,1
C85,A,A.s,EH0045,SO2,SO.g,S,109,1,1,1,0,1
C85,A,A.s,EH0047,SO2,SO.g,S,16,1,0,0,0,0
C85,A,A.s,EH0048,SO2,SO.g,S,14,1,0,0,0,0
C85,A,A.s,EH0049,SO2,SO.g,S,112,1,0,0,0,0
C85,A,A.s,EH0051,SO2,SO.g,S,73,1,1,1,0,1
C86,A,A.s,EH0052,SO2,SO.g,S,37,1,1,1,0,1
C86,A,A.s,EH0053,SO2,SO.g,S,19,1,2,1,0,2
C86,A,A.s,EH0054,SO2,SO.g,S,110,1,1,1,0,1
C86,A,A.s,EH0060,SO2,SO.g,S,26,1,2,1,0,2
C86,A,A.s,EH0061,SO2,SO.g,S,115,1,1,1,0,1
C86,A,A.s,EH0062,SO2,SO.g,S,42,1,1,1,0,1
C86,A,A.s,EH0064,SO2,SO.g,S,100,1,1,1,0,1
C86,A,A.s,EH0066,SO2,SO.g,S,2,1,0,0,0,0
C86,A,A.s,EH0069,SO2,SO.g,S,106,1,1,1,0,1
C86,A,A.s,EH0072,SO2,SO.g,S,102,1,1,1,0,1
C85,A,A.s,EH0075,SO2,SO.g,S,13,1,1,1,0,1
C85,A,A.s,EH0078,SO2,SO.g,S,82,1,1,1,0,1
C85,A,A.s,EH0080,SO2,SO.g,S,7,1,0,0,0,0
C85,A,A.s,EH0082,SO2,SO.g,S,105,1,0,0,0,0
C85,A,A.s,EH0084,SO2,SO.g,S,51,1,1,1,0,1
L16,A,AO.s,EH0113,SO2,SO.g,S,72,1,0,0,0,0
L16,A,AO.s,EH0114,SO2,SO.g,S,53,1,,0,0,0
L16,A,AO.s,EH0115,SO2,SO.g,S,64,1,0,0,0,0
L16,A,AO.s,EH0116,SO2,SO.g,S,60,1,1,1,0,1
L16,A,AO.s,EH0121,SO2,SO.g,S,79,1,0,0,0,0
L16,A,AO.s,EH0122,SO2,SO.g,S,77,1,0,0,0,0
L16,A,AO.s,EH0123,SO2,SO.g,S,35,1,0,0,0,0
L16,A,AO.s,EH0128,SO2,SO.g,S,65,1,0,0,0,0
L16,A,AO.s,EH0130,SO2,SO.g,S,74,1,0,0,0,0
L16,A,AO.s,EH0131,SO2,SO.g,S,117,1,0,0,0,0
L17,A,AO.s,EH0134,SO2,SO.g,S,47,1,0,0,0,0
L17,A,AO.s,EH0135,SO2,SO.g,S,50,1,1,1,0,1
L17,A,AO.s,EH0136,SO2,SO.g,S,54,1,0,0,0,0
L17,A,AO.s,EH0137,SO2,SO.g,S,92,1,1,1,0,1
L17,A,AO.s,EH0138,SO2,SO.g,S,114,1,0,0,0,0
L17,A,AO.s,EH0145,SO2,SO.g,S,55,1,0,0,0,0
L17,A,AO.s,EH0146,SO2,SO.g,S,15,1,0,0,0,0
L17,A,AO.s,EH0150,SO2,SO.g,S,34,1,0,0,0,0
L17,A,AO.s,EH0151,SO2,SO.g,S,33,1,0,0,0,0
L17,A,AO.s,EH0152,SO2,SO.g,S,108,1,0,0,0,0
L06,A,AO.s,EH0155,SO2,SO.g,S,22,1,0,0,0,0
L06,A,AO.s,EH0156,SO2,SO.g,S,116,1,2,1,0,2
L06,A,AO.s,EH0158,SO2,SO.g,S,18,1,0,0,0,0
L06,A,AO.s,EH0159,SO2,SO.g,S,46,1,0,0,0,0
L06,A,AO.s,EH0163,SO2,SO.g,S,56,1,0,0,0,0
L06,A,AO.s,EH0164,SO2,SO.g,S,17,1,1,1,0,1
L06,A,AO.s,EH0170,SO2,SO.g,S,76,1,1,1,0,1
L06,A,AO.s,EH0172,SO2,SO.g,S,29,1,0,0,0,0
L06,A,AO.s,EH0173,SO2,SO.g,S,104,1,1,1,0,1
L06,A,AO.s,EH0176,SO2,SO.g,S,49,1,0,0,0,0
B49,S,SO.s,EH0184,SO2,SO.g,S,96,1,0,0,0,0
B49,S,SO.s,EH0188,SO2,SO.g,S,89,1,1,1,0,1
B49,S,SO.s,EH0190,SO2,SO.g,S,98,1,0,0,1,1
B49,S,SO.s,EH0194,SO2,SO.g,S,68,1,0,0,0,0
B49,S,SO.s,EH0195,SO2,SO.g,S,45,1,1,1,0,1
B49,S,SO.s,EH0197,SO2,SO.g,S,21,1,0,0,0,0
B49,S,SO.s,EH0198,SO2,SO.g,S,38,1,0,0,0,0
B49,S,SO.s,EH0199,SO2,SO.g,S,52,1,0,0,0,0
B49,S,SO.s,EH0200,SO2,SO.g,S,39,1,0,0,0,0
B46,S,S.s,EH0201,SO2,SO.g,S,28,1,0,0,0,0
B46,S,S.s,EH0202,SO2,SO.g,S,58,1,1,1,0,1
B46,S,S.s,EH0203,SO2,SO.g,S,32,1,0,0,0,0
B46,S,S.s,EH0204,SO2,SO.g,S,120,1,0,0,0,0
B46,S,S.s,EH0206,SO2,SO.g,S,59,1,0,0,0,0
B46,S,S.s,EH0207,SO2,SO.g,S,62,1,1,1,0,1
B46,S,S.s,EH0208,SO2,SO.g,S,11,1,1,1,0,1
B46,S,S.s,EH0210,SO2,SO.g,S,20,1,0,0,0,0
B46,S,S.s,EH0211,SO2,SO.g,S,66,1,1,1,0,1
B46,S,S.s,EH0216,SO2,SO.g,S,63,1,1,1,0,1
B42,S,S.s,EH0231,SO2,SO.g,S,101,1,0,0,0,0
B42,S,S.s,EH0232,SO2,SO.g,S,86,1,1,1,0,1
B42,S,S.s,EH0233,SO2,SO.g,S,90,1,0,0,0,0
B42,S,S.s,EH0237,SO2,SO.g,S,88,1,1,1,0,1
B42,S,S.s,EH0238,SO2,SO.g,S,8,1,1,1,0,1
B42,S,S.s,EH0239,SO2,SO.g,S,69,1,0,0,0,0
B42,S,S.s,EH0240,SO2,SO.g,S,41,1,0,0,0,0
B42,S,S.s,EH0244,SO2,SO.g,S,27,1,2,1,0,2
B53,S,S.s,EH0248,SO2,SO.g,S,111,1,1,1,0,1
B53,S,S.s,EH0253,SO2,SO.g,S,78,1,0,0,0,0
B53,S,S.s,EH0254,SO2,SO.g,S,84,1,1,1,0,1
B53,S,S.s,EH0260,SO2,SO.g,S,1,1,0,0,0,0
B53,S,S.s,EH0261,SO2,SO.g,S,57,1,0,0,0,0
B53,S,S.s,EH0262,SO2,SO.g,S,61,1,0,0,0,0
B53,S,S.s,EH0264,SO2,SO.g,S,67,1,1,1,0,1
B53,S,S.s,EH0265,SO2,SO.g,S,3,1,0,0,0,0
B53,S,S.s,EH0269,SO2,SO.g,S,44,1,0,0,0,0
B53,S,S.s,EH0273,SO2,SO.g,S,23,1,1,1,0,1
B49,S,SO.s,AW0041,SS1,S.g,S,104,1,0,0,0,0
B42,S,S.s,AW0163,SS1,S.g,S,88,1,1,1,0,1
B42,S,S.s,AW0175,SS1,S.g,S,112,1,0,0,0,0
L11,S,SO.s,AW0186,SS1,S.g,S,35,1,0,0,0,0
L11,S,SO.s,AW0187,SS1,S.g,S,97,1,0,0,0,0
L11,S,SO.s,AW0190,SS1,S.g,S,4,1,0,0,0,0
L11,S,SO.s,AW0194,SS1,S.g,S,10,1,1,1,0,1
L11,S,SO.s,AW0198,SS1,S.g,S,73,1,0,0,0,0
L11,S,SO.s,AW0200,SS1,S.g,S,107,1,0,0,0,0
L11,S,SO.s,AW0203,SS1,S.g,S,56,1,0,0,0,0
L11,S,SO.s,AW0210,SS1,S.g,S,59,1,2,1,0,2
L11,S,SO.s,AW0211,SS1,S.g,S,68,1,0,0,0,0
L11,S,SO.s,AW0213,SS1,S.g,S,93,1,0,0,0,0
L12,S,SO.s,AW0283,SS1,S.g,S,41,1,0,0,0,0
L12,S,SO.s,AW0286,SS1,S.g,S,70,1,0,0,0,0
L12,S,SO.s,AW0289,SS1,S.g,S,119,1,0,0,0,0
L12,S,SO.s,AW0291,SS1,S.g,S,34,1,0,0,0,0
L12,S,SO.s,AW0292,SS1,S.g,S,3,1,0,0,0,0
L12,S,SO.s,AW0293,SS1,S.g,S,111,1,0,0,0,0
L12,S,SO.s,AW0294,SS1,S.g,S,57,1,1,1,0,1
L12,S,SO.s,AW0296,SS1,S.g,S,99,1,1,1,0,1
L12,S,SO.s,AW0299,SS1,S.g,S,90,1,0,0,0,0
L12,S,SO.s,AW0302,SS1,S.g,S,11,1,0,0,0,0
C27,A,A.s,EH0005,SS1,S.g,S,46,1,0,0,0,0
C27,A,A.s,EH0007,SS1,S.g,S,55,1,0,0,0,0
C27,A,A.s,EH0011,SS1,S.g,S,39,1,0,0,0,0
C27,A,A.s,EH0014,SS1,S.g,S,8,1,0,0,0,0
C27,A,A.s,EH0016,SS1,S.g,S,118,1,0,0,0,0
C27,A,A.s,EH0018,SS1,S.g,S,1,1,0,0,0,0
C27,A,A.s,EH0019,SS1,S.g,S,48,1,0,0,0,0
C27,A,A.s,EH0020,SS1,S.g,S,9,1,0,0,0,0
C27,A,A.s,EH0022,SS1,S.g,S,85,1,0,0,0,0
C27,A,A.s,EH0030,SS1,S.g,S,81,1,0,0,0,0
C85,A,A.s,EH0045,SS1,S.g,S,79,1,0,0,0,0
C85,A,A.s,EH0047,SS1,S.g,S,38,1,0,0,0,0
C85,A,A.s,EH0048,SS1,S.g,S,37,1,0,0,0,0
C85,A,A.s,EH0049,SS1,S.g,S,42,1,0,0,0,0
C85,A,A.s,EH0051,SS1,S.g,S,53,1,1,1,0,1
C86,A,A.s,EH0052,SS1,S.g,S,19,1,0,0,0,0
C86,A,A.s,EH0053,SS1,S.g,S,63,1,0,0,0,0
C86,A,A.s,EH0054,SS1,S.g,S,32,1,0,0,0,0
C86,A,A.s,EH0060,SS1,S.g,S,101,1,2,1,0,2
C86,A,A.s,EH0061,SS1,S.g,S,29,1,0,0,0,0
C86,A,A.s,EH0062,SS1,S.g,S,24,1,0,0,0,0
C86,A,A.s,EH0064,SS1,S.g,S,61,1,2,1,0,2
C86,A,A.s,EH0066,SS1,S.g,S,6,1,0,0,0,0
C86,A,A.s,EH0069,SS1,S.g,S,77,1,1,1,0,1
C86,A,A.s,EH0072,SS1,S.g,S,117,1,1,1,0,1
C85,A,A.s,EH0075,SS1,S.g,S,54,1,1,1,0,1
C85,A,A.s,EH0078,SS1,S.g,S,82,1,0,0,0,0
C85,A,A.s,EH0080,SS1,S.g,S,30,1,1,1,0,1
C85,A,A.s,EH0082,SS1,S.g,S,116,1,0,0,0,0
C85,A,A.s,EH0084,SS1,S.g,S,25,1,0,0,0,0
L16,A,AO.s,EH0113,SS1,S.g,S,52,1,0,0,0,0
L16,A,AO.s,EH0114,SS1,S.g,S,100,1,1,1,0,1
L16,A,AO.s,EH0115,SS1,S.g,S,28,1,0,0,0,0
L16,A,AO.s,EH0116,SS1,S.g,S,40,1,0,0,0,0
L16,A,AO.s,EH0121,SS1,S.g,S,72,1,0,0,0,0
L16,A,AO.s,EH0122,SS1,S.g,S,27,1,0,0,0,0
L16,A,AO.s,EH0123,SS1,S.g,S,108,1,0,0,0,0
L16,A,AO.s,EH0128,SS1,S.g,S,26,1,1,1,0,1
L16,A,AO.s,EH0130,SS1,S.g,S,66,1,2,1,0,2
L16,A,AO.s,EH0131,SS1,S.g,S,74,1,0,0,1,1
L17,A,AO.s,EH0134,SS1,S.g,S,16,1,0,0,0,0
L17,A,AO.s,EH0135,SS1,S.g,S,92,1,1,1,0,1
L17,A,AO.s,EH0136,SS1,S.g,S,60,1,0,0,0,0
L17,A,AO.s,EH0137,SS1,S.g,S,76,1,1,1,0,1
L17,A,AO.s,EH0138,SS1,S.g,S,21,1,0,0,0,0
L17,A,AO.s,EH0145,SS1,S.g,S,62,1,1,1,0,1
L17,A,AO.s,EH0146,SS1,S.g,S,69,1,0,0,0,0
L17,A,AO.s,EH0150,SS1,S.g,S,84,1,0,0,0,0
L17,A,AO.s,EH0151,SS1,S.g,S,95,1,1,1,0,1
L17,A,AO.s,EH0152,SS1,S.g,S,115,1,0,0,0,0
L06,A,AO.s,EH0155,SS1,S.g,S,75,1,0,0,0,0
L06,A,AO.s,EH0156,SS1,S.g,S,44,1,1,1,0,1
L06,A,AO.s,EH0158,SS1,S.g,S,109,1,0,0,0,0
L06,A,AO.s,EH0159,SS1,S.g,S,80,1,1,1,0,1
L06,A,AO.s,EH0163,SS1,S.g,S,36,1,0,0,0,0
L06,A,AO.s,EH0164,SS1,S.g,S,103,1,1,1,0,1
L06,A,AO.s,EH0170,SS1,S.g,S,47,1,0,0,0,0
L06,A,AO.s,EH0172,SS1,S.g,S,50,1,1,1,0,1
L06,A,AO.s,EH0173,SS1,S.g,S,18,1,0,0,0,0
L06,A,AO.s,EH0176,SS1,S.g,S,20,1,1,1,0,1
B49,S,SO.s,EH0184,SS1,S.g,S,14,1,0,0,0,0
B49,S,SO.s,EH0188,SS1,S.g,S,67,1,0,0,0,0
B49,S,SO.s,EH0190,SS1,S.g,S,86,1,0,0,0,0
B49,S,SO.s,EH0194,SS1,S.g,S,105,1,0,0,0,0
B49,S,SO.s,EH0195,SS1,S.g,S,49,1,0,0,0,0
B49,S,SO.s,EH0197,SS1,S.g,S,110,1,1,1,0,1
B49,S,SO.s,EH0198,SS1,S.g,S,15,1,0,0,0,0
B49,S,SO.s,EH0199,SS1,S.g,S,5,1,0,0,0,0
B49,S,SO.s,EH0200,SS1,S.g,S,65,1,0,0,0,0
B46,S,S.s,EH0201,SS1,S.g,S,96,1,0,0,0,0
B46,S,S.s,EH0202,SS1,S.g,S,7,1,0,0,0,0
B46,S,S.s,EH0203,SS1,S.g,S,17,1,1,1,0,1
B46,S,S.s,EH0204,SS1,S.g,S,89,1,0,0,0,0
B46,S,S.s,EH0206,SS1,S.g,S,98,1,1,1,0,1
B46,S,S.s,EH0207,SS1,S.g,S,71,1,0,0,0,0
B46,S,S.s,EH0208,SS1,S.g,S,13,1,0,0,0,0
B46,S,S.s,EH0210,SS1,S.g,S,12,1,0,0,0,0
B46,S,S.s,EH0211,SS1,S.g,S,102,1,2,1,0,2
B46,S,S.s,EH0216,SS1,S.g,S,43,1,0,0,0,0
B42,S,S.s,EH0231,SS1,S.g,S,51,1,0,0,0,0
B42,S,S.s,EH0232,SS1,S.g,S,22,1,0,0,0,0
B42,S,S.s,EH0233,SS1,S.g,S,64,1,1,1,0,1
B42,S,S.s,EH0237,SS1,S.g,S,120,1,2,1,0,2
B42,S,S.s,EH0238,SS1,S.g,S,78,1,0,0,0,0
B42,S,S.s,EH0239,SS1,S.g,S,33,1,0,0,0,0
B42,S,S.s,EH0240,SS1,S.g,S,83,1,0,0,0,0
B42,S,S.s,EH0244,SS1,S.g,S,2,1,0,0,0,0
B53,S,S.s,EH0248,SS1,S.g,S,45,1,0,0,0,0
B53,S,S.s,EH0253,SS1,S.g,S,31,1,0,0,0,0
B53,S,S.s,EH0254,SS1,S.g,S,91,1,2,1,0,2
B53,S,S.s,EH0260,SS1,S.g,S,114,1,0,0,0,0
B53,S,S.s,EH0261,SS1,S.g,S,106,1,0,0,0,0
B53,S,S.s,EH0262,SS1,S.g,S,113,1,0,0,0,0
B53,S,S.s,EH0264,SS1,S.g,S,23,1,0,0,0,0
B53,S,S.s,EH0265,SS1,S.g,S,87,1,0,0,0,0
B53,S,S.s,EH0269,SS1,S.g,S,94,1,0,0,0,0
B53,S,S.s,EH0273,SS1,S.g,S,58,1,0,0,1,1
B49,S,SO.s,AW0041,SS2,S.g,S,52,1,0,0,0,0
B42,S,S.s,AW0163,SS2,S.g,S,5,1,0,0,0,0
B42,S,S.s,AW0175,SS2,S.g,S,22,1,0,0,0,0
L11,S,SO.s,AW0186,SS2,S.g,S,99,1,0,0,0,0
L11,S,SO.s,AW0187,SS2,S.g,S,30,1,0,0,0,0
L11,S,SO.s,AW0190,SS2,S.g,S,80,1,0,0,0,0
L11,S,SO.s,AW0194,SS2,S.g,S,54,1,0,0,0,0
L11,S,SO.s,AW0198,SS2,S.g,S,6,1,0,0,0,0
L11,S,SO.s,AW0200,SS2,S.g,S,47,1,0,0,0,0
L11,S,SO.s,AW0203,SS2,S.g,S,45,1,0,0,0,0
L11,S,SO.s,AW0210,SS2,S.g,S,40,1,0,0,0,0
L11,S,SO.s,AW0211,SS2,S.g,S,7,1,0,0,0,0
L11,S,SO.s,AW0213,SS2,S.g,S,69,1,0,0,0,0
L12,S,SO.s,AW0283,SS2,S.g,S,81,1,0,0,0,0
L12,S,SO.s,AW0286,SS2,S.g,S,25,1,0,0,0,0
L12,S,SO.s,AW0289,SS2,S.g,S,3,1,0,0,0,0
L12,S,SO.s,AW0291,SS2,S.g,S,120,1,0,0,0,0
L12,S,SO.s,AW0292,SS2,S.g,S,82,1,0,0,0,0
L12,S,SO.s,AW0293,SS2,S.g,S,37,1,0,0,0,0
L12,S,SO.s,AW0294,SS2,S.g,S,43,1,0,0,0,0
L12,S,SO.s,AW0296,SS2,S.g,S,44,1,0,0,0,0
L12,S,SO.s,AW0299,SS2,S.g,S,61,1,0,0,0,0
L12,S,SO.s,AW0302,SS2,S.g,S,49,1,0,0,0,0
C27,A,A.s,EH0005,SS2,S.g,S,83,1,0,0,0,0
C27,A,A.s,EH0007,SS2,S.g,S,2,1,0,0,0,0
C27,A,A.s,EH0011,SS2,S.g,S,28,1,0,0,0,0
C27,A,A.s,EH0014,SS2,S.g,S,79,1,0,0,0,0
C27,A,A.s,EH0016,SS2,S.g,S,75,1,1,1,0,1
C27,A,A.s,EH0018,SS2,S.g,S,96,1,0,0,0,0
C27,A,A.s,EH0019,SS2,S.g,S,33,1,0,0,0,0
C27,A,A.s,EH0020,SS2,S.g,S,89,1,0,0,0,0
C27,A,A.s,EH0022,SS2,S.g,S,51,1,0,0,0,0
C27,A,A.s,EH0030,SS2,S.g,S,9,1,0,0,0,0
C85,A,A.s,EH0045,SS2,S.g,S,112,1,0,0,0,0
C85,A,A.s,EH0047,SS2,S.g,S,119,1,0,0,0,0
C85,A,A.s,EH0048,SS2,S.g,S,106,1,0,0,0,0
C85,A,A.s,EH0049,SS2,S.g,S,70,1,0,0,0,0
C85,A,A.s,EH0051,SS2,S.g,S,36,1,0,0,0,0
C86,A,A.s,EH0052,SS2,S.g,S,63,1,0,0,0,0
C86,A,A.s,EH0053,SS2,S.g,S,32,1,0,0,0,0
C86,A,A.s,EH0054,SS2,S.g,S,65,1,0,0,0,0
C86,A,A.s,EH0060,SS2,S.g,S,84,1,0,0,0,0
C86,A,A.s,EH0061,SS2,S.g,S,60,1,0,0,0,0
C86,A,A.s,EH0062,SS2,S.g,S,78,1,0,0,0,0
C86,A,A.s,EH0064,SS2,S.g,S,4,1,0,0,0,0
C86,A,A.s,EH0066,SS2,S.g,S,11,1,0,0,0,0
C86,A,A.s,EH0069,SS2,S.g,S,17,1,0,0,0,0
C86,A,A.s,EH0072,SS2,S.g,S,41,1,0,0,0,0
C85,A,A.s,EH0075,SS2,S.g,S,104,1,0,0,0,0
C85,A,A.s,EH0078,SS2,S.g,S,53,1,0,0,0,0
C85,A,A.s,EH0080,SS2,S.g,S,105,1,0,0,0,0
C85,A,A.s,EH0082,SS2,S.g,S,13,1,0,0,0,0
C85,A,A.s,EH0084,SS2,S.g,S,92,1,0,0,0,0
L16,A,AO.s,EH0113,SS2,S.g,S,117,1,0,0,0,0
L16,A,AO.s,EH0114,SS2,S.g,S,87,1,0,0,0,0
L16,A,AO.s,EH0115,SS2,S.g,S,56,1,0,0,0,0
L16,A,AO.s,EH0116,SS2,S.g,S,109,1,0,0,0,0
L16,A,AO.s,EH0121,SS2,S.g,S,57,1,0,0,0,0
L16,A,AO.s,EH0122,SS2,S.g,S,100,1,0,0,0,0
L16,A,AO.s,EH0123,SS2,S.g,S,93,1,0,0,0,0
L16,A,AO.s,EH0128,SS2,S.g,S,20,1,0,0,0,0
L16,A,AO.s,EH0130,SS2,S.g,S,111,1,0,0,0,0
L16,A,AO.s,EH0131,SS2,S.g,S,116,1,0,0,0,0
L17,A,AO.s,EH0134,SS2,S.g,S,42,1,0,0,0,0
L17,A,AO.s,EH0135,SS2,S.g,S,12,1,0,0,0,0
L17,A,AO.s,EH0136,SS2,S.g,S,26,1,0,0,0,0
L17,A,AO.s,EH0137,SS2,S.g,S,68,1,0,0,0,0
L17,A,AO.s,EH0138,SS2,S.g,S,102,1,0,0,0,0
L17,A,AO.s,EH0145,SS2,S.g,S,10,1,0,0,0,0
L17,A,AO.s,EH0146,SS2,S.g,S,73,1,0,0,0,0
L17,A,AO.s,EH0150,SS2,S.g,S,94,1,0,0,0,0
L17,A,AO.s,EH0151,SS2,S.g,S,59,1,0,0,0,0
L17,A,AO.s,EH0152,SS2,S.g,S,101,1,0,0,0,0
L06,A,AO.s,EH0155,SS2,S.g,S,110,1,0,0,0,0
L06,A,AO.s,EH0156,SS2,S.g,S,24,1,0,0,0,0
L06,A,AO.s,EH0158,SS2,S.g,S,34,1,0,0,0,0
L06,A,AO.s,EH0159,SS2,S.g,S,114,1,0,0,0,0
L06,A,AO.s,EH0163,SS2,S.g,S,1,1,0,0,0,0
L06,A,AO.s,EH0164,SS2,S.g,S,38,1,0,0,0,0
L06,A,AO.s,EH0170,SS2,S.g,S,77,1,0,0,0,0
L06,A,AO.s,EH0172,SS2,S.g,S,48,1,0,0,0,0
L06,A,AO.s,EH0173,SS2,S.g,S,118,1,0,0,0,0
L06,A,AO.s,EH0176,SS2,S.g,S,18,1,0,0,0,0
B49,S,SO.s,EH0184,SS2,S.g,S,39,1,0,0,0,0
B49,S,SO.s,EH0188,SS2,S.g,S,14,1,0,0,0,0
B49,S,SO.s,EH0190,SS2,S.g,S,91,1,0,0,0,0
B49,S,SO.s,EH0194,SS2,S.g,S,21,1,0,0,0,0
B49,S,SO.s,EH0195,SS2,S.g,S,85,1,0,0,0,0
B49,S,SO.s,EH0197,SS2,S.g,S,23,1,0,0,0,0
B49,S,SO.s,EH0198,SS2,S.g,S,50,1,0,0,0,0
B49,S,SO.s,EH0199,SS2,S.g,S,46,1,0,0,0,0
B49,S,SO.s,EH0200,SS2,S.g,S,115,1,0,0,0,0
B46,S,S.s,EH0201,SS2,S.g,S,31,1,0,0,0,0
B46,S,S.s,EH0202,SS2,S.g,S,108,1,0,0,0,0
B46,S,S.s,EH0203,SS2,S.g,S,103,1,0,0,0,0
B46,S,S.s,EH0204,SS2,S.g,S,72,1,0,0,0,0
B46,S,S.s,EH0206,SS2,S.g,S,58,1,0,0,0,0
B46,S,S.s,EH0207,SS2,S.g,S,55,1,0,0,0,0
B46,S,S.s,EH0208,SS2,S.g,S,107,1,0,0,0,0
B46,S,S.s,EH0210,SS2,S.g,S,27,1,0,0,0,0
B46,S,S.s,EH0211,SS2,S.g,S,90,1,0,0,0,0
B46,S,S.s,EH0216,SS2,S.g,S,8,1,0,0,0,0
B42,S,S.s,EH0231,SS2,S.g,S,74,1,0,0,0,0
B42,S,S.s,EH0232,SS2,S.g,S,98,1,0,0,1,1
B42,S,S.s,EH0233,SS2,S.g,S,86,1,0,0,0,0
B42,S,S.s,EH0237,SS2,S.g,S,16,1,0,0,0,0
B42,S,S.s,EH0238,SS2,S.g,S,97,1,0,0,0,0
B42,S,S.s,EH0239,SS2,S.g,S,67,1,0,0,0,0
B42,S,S.s,EH0240,SS2,S.g,S,66,1,0,0,0,0
B42,S,S.s,EH0244,SS2,S.g,S,95,1,0,0,0,0
B53,S,S.s,EH0248,SS2,S.g,S,76,1,0,0,0,0
B53,S,S.s,EH0253,SS2,S.g,S,29,1,0,0,0,0
B53,S,S.s,EH0254,SS2,S.g,S,113,1,0,0,0,0
B53,S,S.s,EH0260,SS2,S.g,S,64,1,0,0,0,0
B53,S,S.s,EH0261,SS2,S.g,S,15,1,0,0,0,0
B53,S,S.s,EH0262,SS2,S.g,S,62,1,0,0,0,0
B53,S,S.s,EH0264,SS2,S.g,S,19,1,1,1,0,1
B53,S,S.s,EH0265,SS2,S.g,S,35,1,0,0,0,0
B53,S,S.s,EH0269,SS2,S.g,S,88,1,0,0,0,0
B53,S,S.s,EH0273,SS2,S.g,S,71,1,0,0,0,0
B49,S,SO.s,AW0041,AA1,A.g,A,46,2,0,1,,
B42,S,S.s,AW0163,AA1,A.g,A,111,2,0,,,
B42,S,S.s,AW0175,AA1,A.g,A,31,2,0,0,,
L11,S,SO.s,AW0186,AA1,A.g,A,21,2,0,1,,
L11,S,SO.s,AW0187,AA1,A.g,A,119,2,0,,,
L11,S,SO.s,AW0190,AA1,A.g,A,27,2,0,1,,
L11,S,SO.s,AW0194,AA1,A.g,A,105,2,0,,,
L11,S,SO.s,AW0198,AA1,A.g,A,88,2,0,,,
L11,S,SO.s,AW0200,AA1,A.g,A,34,2,0,0,,
L11,S,SO.s,AW0203,AA1,A.g,A,110,2,0,,,
L11,S,SO.s,AW0210,AA1,A.g,A,22,2,0,0,,
L11,S,SO.s,AW0211,AA1,A.g,A,102,2,0,,,
L11,S,SO.s,AW0213,AA1,A.g,A,15,2,0,0,,
L12,S,SO.s,AW0283,AA1,A.g,A,13,2,0,0,,
L12,S,SO.s,AW0286,AA1,A.g,A,19,2,0,1,,
L12,S,SO.s,AW0289,AA1,A.g,A,72,2,0,,,
L12,S,SO.s,AW0291,AA1,A.g,A,80,2,0,,,
L12,S,SO.s,AW0292,AA1,A.g,A,117,2,0,,,
L12,S,SO.s,AW0293,AA1,A.g,A,91,2,0,,,
L12,S,SO.s,AW0294,AA1,A.g,A,4,2,0,0,,
L12,S,SO.s,AW0296,AA1,A.g,A,77,2,0,,,
L12,S,SO.s,AW0299,AA1,A.g,A,10,2,0,0,,
L12,S,SO.s,AW0302,AA1,A.g,A,59,2,0,,,
C27,A,A.s,EH0005,AA1,A.g,A,8,2,0,0,,
C27,A,A.s,EH0007,AA1,A.g,A,17,2,0,0,,
C27,A,A.s,EH0011,AA1,A.g,A,57,2,0,,,
C27,A,A.s,EH0014,AA1,A.g,A,5,2,0,0,,
C27,A,A.s,EH0016,AA1,A.g,A,78,2,0,,,
C27,A,A.s,EH0018,AA1,A.g,A,45,2,0,1,,
C27,A,A.s,EH0019,AA1,A.g,A,114,2,0,,,
C27,A,A.s,EH0020,AA1,A.g,A,37,2,0,0,,
C27,A,A.s,EH0022,AA1,A.g,A,82,2,0,,,
C27,A,A.s,EH0030,AA1,A.g,A,79,2,0,,,
C85,A,A.s,EH0045,AA1,A.g,A,107,2,0,,,
C85,A,A.s,EH0047,AA1,A.g,A,33,2,0,0,,
C85,A,A.s,EH0048,AA1,A.g,A,18,2,0,1,,
C85,A,A.s,EH0049,AA1,A.g,A,29,2,0,0,,
C85,A,A.s,EH0051,AA1,A.g,A,47,2,0,1,,
C86,A,A.s,EH0052,AA1,A.g,A,86,2,0,,,
C86,A,A.s,EH0053,AA1,A.g,A,108,2,0,,,
C86,A,A.s,EH0054,AA1,A.g,A,75,2,0,,,
C86,A,A.s,EH0060,AA1,A.g,A,49,2,0,,,
C86,A,A.s,EH0061,AA1,A.g,A,116,2,0,,,
C86,A,A.s,EH0062,AA1,A.g,A,106,2,0,,,
C86,A,A.s,EH0064,AA1,A.g,A,50,2,0,,,
C86,A,A.s,EH0066,AA1,A.g,A,12,2,0,0,,
C86,A,A.s,EH0069,AA1,A.g,A,41,2,0,1,,
C86,A,A.s,EH0072,AA1,A.g,A,53,2,0,,,
C85,A,A.s,EH0075,AA1,A.g,A,81,2,0,,,
C85,A,A.s,EH0078,AA1,A.g,A,71,2,0,,,
C85,A,A.s,EH0080,AA1,A.g,A,113,2,0,,,
C85,A,A.s,EH0082,AA1,A.g,A,44,2,0,1,,
C85,A,A.s,EH0084,AA1,A.g,A,95,2,0,,,
L16,A,AO.s,EH0113,AA1,A.g,A,61,2,0,,,
L16,A,AO.s,EH0114,AA1,A.g,A,100,2,0,,,
L16,A,AO.s,EH0115,AA1,A.g,A,6,2,0,0,,
L16,A,AO.s,EH0116,AA1,A.g,A,42,2,0,0,,
L16,A,AO.s,EH0121,AA1,A.g,A,1,2,0,0,,
L16,A,AO.s,EH0122,AA1,A.g,A,103,2,0,,,
L16,A,AO.s,EH0123,AA1,A.g,A,56,2,0,,,
L16,A,AO.s,EH0128,AA1,A.g,A,30,2,0,0,,
L16,A,AO.s,EH0130,AA1,A.g,A,83,2,0,,,
L16,A,AO.s,EH0131,AA1,A.g,A,67,2,0,,,
L17,A,AO.s,EH0134,AA1,A.g,A,20,2,0,0,,
L17,A,AO.s,EH0135,AA1,A.g,A,48,2,0,0,,
L17,A,AO.s,EH0136,AA1,A.g,A,58,2,0,,,
L17,A,AO.s,EH0137,AA1,A.g,A,38,2,0,0,,
L17,A,AO.s,EH0138,AA1,A.g,A,52,2,0,,,
L17,A,AO.s,EH0145,AA1,A.g,A,109,2,0,,,
L17,A,AO.s,EH0146,AA1,A.g,A,73,2,0,,,
L17,A,AO.s,EH0150,AA1,A.g,A,36,2,0,0,,
L17,A,AO.s,EH0151,AA1,A.g,A,23,2,0,0,,
L17,A,AO.s,EH0152,AA1,A.g,A,35,2,0,0,,
L06,A,AO.s,EH0155,AA1,A.g,A,115,2,0,,,
L06,A,AO.s,EH0156,AA1,A.g,A,104,2,0,,,
L06,A,AO.s,EH0158,AA1,A.g,A,74,2,0,,,
L06,A,AO.s,EH0159,AA1,A.g,A,96,2,0,,,
L06,A,AO.s,EH0163,AA1,A.g,A,26,2,0,1,,
L06,A,AO.s,EH0164,AA1,A.g,A,7,2,0,0,,
L06,A,AO.s,EH0170,AA1,A.g,A,43,2,0,1,,
L06,A,AO.s,EH0172,AA1,A.g,A,25,2,0,0,,
L06,A,AO.s,EH0173,AA1,A.g,A,90,2,0,,,
L06,A,AO.s,EH0176,AA1,A.g,A,118,2,0,,,
B49,S,SO.s,EH0184,AA1,A.g,A,28,2,0,0,,
B49,S,SO.s,EH0188,AA1,A.g,A,9,2,0,0,,
B49,S,SO.s,EH0190,AA1,A.g,A,65,2,1,1,,
B49,S,SO.s,EH0194,AA1,A.g,A,3,2,0,1,,
B49,S,SO.s,EH0195,AA1,A.g,A,89,2,0,,,
B49,S,SO.s,EH0197,AA1,A.g,A,68,2,0,,,
B49,S,SO.s,EH0198,AA1,A.g,A,85,2,0,,,
B49,S,SO.s,EH0199,AA1,A.g,A,55,2,0,,,
B49,S,SO.s,EH0200,AA1,A.g,A,16,2,0,1,,
B46,S,S.s,EH0201,AA1,A.g,A,39,2,1,1,,
B46,S,S.s,EH0202,AA1,A.g,A,70,2,0,,,
B46,S,S.s,EH0203,AA1,A.g,A,54,2,0,,,
B46,S,S.s,EH0204,AA1,A.g,A,94,2,0,,,
B46,S,S.s,EH0206,AA1,A.g,A,2,2,0,1,,
B46,S,S.s,EH0207,AA1,A.g,A,101,2,0,,,
B46,S,S.s,EH0208,AA1,A.g,A,97,2,0,,,
B46,S,S.s,EH0210,AA1,A.g,A,63,2,0,,,
B46,S,S.s,EH0211,AA1,A.g,A,92,2,0,,,
B46,S,S.s,EH0216,AA1,A.g,A,87,2,0,,,
B42,S,S.s,EH0231,AA1,A.g,A,99,2,0,,,
B42,S,S.s,EH0232,AA1,A.g,A,76,2,1,1,,
B42,S,S.s,EH0233,AA1,A.g,A,51,2,0,,,
B42,S,S.s,EH0237,AA1,A.g,A,112,2,0,,,
B42,S,S.s,EH0238,AA1,A.g,A,62,2,0,,,
B42,S,S.s,EH0239,AA1,A.g,A,93,2,0,,,
B42,S,S.s,EH0240,AA1,A.g,A,98,2,0,,,
B42,S,S.s,EH0244,AA1,A.g,A,69,2,0,,,
B53,S,S.s,EH0248,AA1,A.g,A,32,2,0,0,,
B53,S,S.s,EH0253,AA1,A.g,A,66,2,0,,,
B53,S,S.s,EH0254,AA1,A.g,A,11,2,0,0,,
B53,S,S.s,EH0260,AA1,A.g,A,40,2,0,0,,
B53,S,S.s,EH0261,AA1,A.g,A,14,2,0,0,,
B53,S,S.s,EH0262,AA1,A.g,A,60,2,0,,,
B53,S,S.s,EH0264,AA1,A.g,A,64,2,0,,,
B53,S,S.s,EH0265,AA1,A.g,A,84,2,0,,,
B53,S,S.s,EH0269,AA1,A.g,A,120,2,0,,,
B53,S,S.s,EH0273,AA1,A.g,A,24,2,0,0,,
B49,S,SO.s,AW0041,AA2,A.g,A,72,2,0,1,,
B42,S,S.s,AW0163,AA2,A.g,A,91,2,0,0,,
B42,S,S.s,AW0175,AA2,A.g,A,82,2,0,0,,
L11,S,SO.s,AW0186,AA2,A.g,A,69,2,0,1,,
L11,S,SO.s,AW0187,AA2,A.g,A,100,2,0,0,,
L11,S,SO.s,AW0190,AA2,A.g,A,104,2,0,0,,
L11,S,SO.s,AW0194,AA2,A.g,A,73,2,0,1,,
L11,S,SO.s,AW0198,AA2,A.g,A,37,2,0,0,,
L11,S,SO.s,AW0200,AA2,A.g,A,44,2,0,0,,
L11,S,SO.s,AW0203,AA2,A.g,A,76,2,0,1,,
L11,S,SO.s,AW0210,AA2,A.g,A,53,2,0,1,,
L11,S,SO.s,AW0211,AA2,A.g,A,36,2,0,0,,
L11,S,SO.s,AW0213,AA2,A.g,A,88,2,0,1,,
L12,S,SO.s,AW0283,AA2,A.g,A,64,2,0,0,,
L12,S,SO.s,AW0286,AA2,A.g,A,116,2,0,0,,
L12,S,SO.s,AW0289,AA2,A.g,A,15,2,0,1,,
L12,S,SO.s,AW0291,AA2,A.g,A,9,2,0,1,,
L12,S,SO.s,AW0292,AA2,A.g,A,51,2,0,1,,
L12,S,SO.s,AW0293,AA2,A.g,A,22,2,0,0,,
L12,S,SO.s,AW0294,AA2,A.g,A,50,2,0,1,,
L12,S,SO.s,AW0296,AA2,A.g,A,106,2,0,1,,
L12,S,SO.s,AW0299,AA2,A.g,A,83,2,0,1,,
L12,S,SO.s,AW0302,AA2,A.g,A,68,2,0,1,,
C27,A,A.s,EH0005,AA2,A.g,A,78,2,0,0,,
C27,A,A.s,EH0007,AA2,A.g,A,7,2,0,1,,
C27,A,A.s,EH0011,AA2,A.g,A,16,2,0,1,,
C27,A,A.s,EH0014,AA2,A.g,A,118,2,0,1,,
C27,A,A.s,EH0016,AA2,A.g,A,40,2,0,1,,
C27,A,A.s,EH0018,AA2,A.g,A,114,2,0,1,,
C27,A,A.s,EH0019,AA2,A.g,A,115,2,0,0,,
C27,A,A.s,EH0020,AA2,A.g,A,45,2,1,1,,
C27,A,A.s,EH0022,AA2,A.g,A,32,2,0,0,,
C27,A,A.s,EH0030,AA2,A.g,A,6,2,0,1,,
C85,A,A.s,EH0045,AA2,A.g,A,58,2,0,0,,
C85,A,A.s,EH0047,AA2,A.g,A,31,2,0,0,,
C85,A,A.s,EH0048,AA2,A.g,A,81,2,0,1,,
C85,A,A.s,EH0049,AA2,A.g,A,49,2,0,1,,
C85,A,A.s,EH0051,AA2,A.g,A,54,2,0,0,,
C86,A,A.s,EH0052,AA2,A.g,A,47,2,0,1,,
C86,A,A.s,EH0053,AA2,A.g,A,18,2,0,1,,
C86,A,A.s,EH0054,AA2,A.g,A,93,2,0,0,,
C86,A,A.s,EH0060,AA2,A.g,A,11,2,0,1,,
C86,A,A.s,EH0061,AA2,A.g,A,60,2,0,1,,
C86,A,A.s,EH0062,AA2,A.g,A,109,2,1,1,,
C86,A,A.s,EH0064,AA2,A.g,A,46,2,0,0,,
C86,A,A.s,EH0066,AA2,A.g,A,21,2,0,0,,
C86,A,A.s,EH0069,AA2,A.g,A,96,2,0,0,,
C86,A,A.s,EH0072,AA2,A.g,A,17,2,0,1,,
C85,A,A.s,EH0075,AA2,A.g,A,94,2,0,1,,
C85,A,A.s,EH0078,AA2,A.g,A,35,2,0,1,,
C85,A,A.s,EH0080,AA2,A.g,A,12,2,0,1,,
C85,A,A.s,EH0082,AA2,A.g,A,14,2,0,1,,
C85,A,A.s,EH0084,AA2,A.g,A,97,2,0,0,,
L16,A,AO.s,EH0113,AA2,A.g,A,1,2,0,0,,
L16,A,AO.s,EH0114,AA2,A.g,A,87,2,0,0,,
L16,A,AO.s,EH0115,AA2,A.g,A,61,2,0,0,,
L16,A,AO.s,EH0116,AA2,A.g,A,43,2,0,0,,
L16,A,AO.s,EH0121,AA2,A.g,A,117,2,0,1,,
L16,A,AO.s,EH0122,AA2,A.g,A,48,2,0,0,,
L16,A,AO.s,EH0123,AA2,A.g,A,113,2,0,0,,
L16,A,AO.s,EH0128,AA2,A.g,A,42,2,0,0,,
L16,A,AO.s,EH0130,AA2,A.g,A,30,2,0,1,,
L16,A,AO.s,EH0131,AA2,A.g,A,28,2,0,1,,
L17,A,AO.s,EH0134,AA2,A.g,A,2,2,0,0,,
L17,A,AO.s,EH0135,AA2,A.g,A,92,2,0,0,,
L17,A,AO.s,EH0136,AA2,A.g,A,111,2,0,1,,
L17,A,AO.s,EH0137,AA2,A.g,A,77,2,0,1,,
L17,A,AO.s,EH0138,AA2,A.g,A,26,2,0,0,,
L17,A,AO.s,EH0145,AA2,A.g,A,56,2,0,1,,
L17,A,AO.s,EH0146,AA2,A.g,A,29,2,0,1,,
L17,A,AO.s,EH0150,AA2,A.g,A,74,2,0,0,,
L17,A,AO.s,EH0151,AA2,A.g,A,41,2,0,1,,
L17,A,AO.s,EH0152,AA2,A.g,A,13,2,0,1,,
L06,A,AO.s,EH0155,AA2,A.g,A,5,2,0,1,,
L06,A,AO.s,EH0156,AA2,A.g,A,119,2,0,1,,
L06,A,AO.s,EH0158,AA2,A.g,A,57,2,0,0,,
L06,A,AO.s,EH0159,AA2,A.g,A,25,2,0,0,,
L06,A,AO.s,EH0163,AA2,A.g,A,66,2,0,0,,
L06,A,AO.s,EH0164,AA2,A.g,A,95,2,0,0,,
L06,A,AO.s,EH0170,AA2,A.g,A,75,2,0,1,,
L06,A,AO.s,EH0172,AA2,A.g,A,19,2,0,1,,
L06,A,AO.s,EH0173,AA2,A.g,A,80,2,0,0,,
L06,A,AO.s,EH0176,AA2,A.g,A,84,2,0,0,,
B49,S,SO.s,EH0184,AA2,A.g,A,108,2,0,0,,
B49,S,SO.s,EH0188,AA2,A.g,A,33,2,0,1,,
B49,S,SO.s,EH0190,AA2,A.g,A,63,2,0,0,,
B49,S,SO.s,EH0194,AA2,A.g,A,71,2,0,1,,
B49,S,SO.s,EH0195,AA2,A.g,A,39,2,0,1,,
B49,S,SO.s,EH0197,AA2,A.g,A,4,2,0,1,,
B49,S,SO.s,EH0198,AA2,A.g,A,23,2,0,0,,
B49,S,SO.s,EH0199,AA2,A.g,A,38,2,0,0,,
B49,S,SO.s,EH0200,AA2,A.g,A,112,2,0,0,,
B46,S,S.s,EH0201,AA2,A.g,A,55,2,0,0,,
B46,S,S.s,EH0202,AA2,A.g,A,8,2,0,0,,
B46,S,S.s,EH0203,AA2,A.g,A,99,2,0,1,,
B46,S,S.s,EH0204,AA2,A.g,A,27,2,0,0,,
B46,S,S.s,EH0206,AA2,A.g,A,59,2,0,0,,
B46,S,S.s,EH0207,AA2,A.g,A,90,2,0,1,,
B46,S,S.s,EH0208,AA2,A.g,A,101,2,1,1,,
B46,S,S.s,EH0210,AA2,A.g,A,24,2,0,0,,
B46,S,S.s,EH0211,AA2,A.g,A,20,2,0,1,,
B46,S,S.s,EH0216,AA2,A.g,A,98,2,0,0,,
B42,S,S.s,EH0231,AA2,A.g,A,105,2,0,1,,
B42,S,S.s,EH0232,AA2,A.g,A,62,2,0,0,,
B42,S,S.s,EH0233,AA2,A.g,A,34,2,2,1,,
B42,S,S.s,EH0237,AA2,A.g,A,79,2,0,1,,
B42,S,S.s,EH0238,AA2,A.g,A,52,2,0,1,,
B42,S,S.s,EH0239,AA2,A.g,A,65,2,0,1,,
B42,S,S.s,EH0240,AA2,A.g,A,10,2,0,1,,
B42,S,S.s,EH0244,AA2,A.g,A,107,2,0,0,,
B53,S,S.s,EH0248,AA2,A.g,A,67,2,0,0,,
B53,S,S.s,EH0253,AA2,A.g,A,120,2,1,1,,
B53,S,S.s,EH0254,AA2,A.g,A,110,2,0,0,,
B53,S,S.s,EH0260,AA2,A.g,A,85,2,0,0,,
B53,S,S.s,EH0261,AA2,A.g,A,89,2,0,0,,
B53,S,S.s,EH0262,AA2,A.g,A,102,2,0,1,,
B53,S,S.s,EH0264,AA2,A.g,A,70,2,0,0,,
B53,S,S.s,EH0265,AA2,A.g,A,3,2,0,0,,
B53,S,S.s,EH0269,AA2,A.g,A,103,2,0,1,,
B53,S,S.s,EH0273,AA2,A.g,A,86,2,0,0,,
B49,S,SO.s,AW0041,AO1,AO.g,A,37,2,0,1,,
B42,S,S.s,AW0163,AO1,AO.g,A,60,2,0,1,,
B42,S,S.s,AW0175,AO1,AO.g,A,88,2,0,1,,
L11,S,SO.s,AW0186,AO1,AO.g,A,82,2,0,1,,
L11,S,SO.s,AW0187,AO1,AO.g,A,54,2,0,1,,
L11,S,SO.s,AW0190,AO1,AO.g,A,56,2,0,0,,
L11,S,SO.s,AW0194,AO1,AO.g,A,1,2,0,1,,
L11,S,SO.s,AW0198,AO1,AO.g,A,109,2,0,1,,
L11,S,SO.s,AW0200,AO1,AO.g,A,3,2,0,0,,
L11,S,SO.s,AW0203,AO1,AO.g,A,104,2,0,1,,
L11,S,SO.s,AW0210,AO1,AO.g,A,78,2,0,1,,
L11,S,SO.s,AW0211,AO1,AO.g,A,96,2,0,0,,
L11,S,SO.s,AW0213,AO1,AO.g,A,58,2,0,0,,
L12,S,SO.s,AW0283,AO1,AO.g,A,105,2,0,1,,
L12,S,SO.s,AW0286,AO1,AO.g,A,110,2,0,1,,
L12,S,SO.s,AW0289,AO1,AO.g,A,17,2,0,1,,
L12,S,SO.s,AW0291,AO1,AO.g,A,107,2,0,1,,
L12,S,SO.s,AW0292,AO1,AO.g,A,45,2,0,1,,
L12,S,SO.s,AW0293,AO1,AO.g,A,113,2,0,0,,
L12,S,SO.s,AW0294,AO1,AO.g,A,52,2,0,1,,
L12,S,SO.s,AW0296,AO1,AO.g,A,84,2,0,0,,
L12,S,SO.s,AW0299,AO1,AO.g,A,97,2,0,0,,
L12,S,SO.s,AW0302,AO1,AO.g,A,38,2,0,1,,
C27,A,A.s,EH0005,AO1,AO.g,A,16,2,0,1,,
C27,A,A.s,EH0007,AO1,AO.g,A,55,2,0,1,,
C27,A,A.s,EH0011,AO1,AO.g,A,65,2,0,1,,
C27,A,A.s,EH0014,AO1,AO.g,A,13,2,0,1,,
C27,A,A.s,EH0016,AO1,AO.g,A,44,2,0,1,,
C27,A,A.s,EH0018,AO1,AO.g,A,71,2,0,1,,
C27,A,A.s,EH0019,AO1,AO.g,A,120,2,0,1,,
C27,A,A.s,EH0020,AO1,AO.g,A,30,2,0,1,,
C27,A,A.s,EH0022,AO1,AO.g,A,86,2,0,1,,
C27,A,A.s,EH0030,AO1,AO.g,A,70,2,0,0,,
C85,A,A.s,EH0045,AO1,AO.g,A,14,2,0,1,,
C85,A,A.s,EH0047,AO1,AO.g,A,21,2,0,1,,
C85,A,A.s,EH0048,AO1,AO.g,A,31,2,0,0,,
C85,A,A.s,EH0049,AO1,AO.g,A,6,2,0,1,,
C85,A,A.s,EH0051,AO1,AO.g,A,72,2,0,1,,
C86,A,A.s,EH0052,AO1,AO.g,A,79,2,0,1,,
C86,A,A.s,EH0053,AO1,AO.g,A,74,2,0,1,,
C86,A,A.s,EH0054,AO1,AO.g,A,35,2,0,1,,
C86,A,A.s,EH0060,AO1,AO.g,A,61,2,0,1,,
C86,A,A.s,EH0061,AO1,AO.g,A,112,2,0,1,,
C86,A,A.s,EH0062,AO1,AO.g,A,41,2,0,1,,
C86,A,A.s,EH0064,AO1,AO.g,A,48,2,0,1,,
C86,A,A.s,EH0066,AO1,AO.g,A,59,2,0,1,,
C86,A,A.s,EH0069,AO1,AO.g,A,10,2,0,1,,
C86,A,A.s,EH0072,AO1,AO.g,A,24,2,0,1,,
C85,A,A.s,EH0075,AO1,AO.g,A,28,2,0,1,,
C85,A,A.s,EH0078,AO1,AO.g,A,114,2,0,0,,
C85,A,A.s,EH0080,AO1,AO.g,A,53,2,0,1,,
C85,A,A.s,EH0082,AO1,AO.g,A,91,2,0,0,,
C85,A,A.s,EH0084,AO1,AO.g,A,27,2,0,1,,
L16,A,AO.s,EH0113,AO1,AO.g,A,5,2,0,1,,
L16,A,AO.s,EH0114,AO1,AO.g,A,23,2,0,1,,
L16,A,AO.s,EH0115,AO1,AO.g,A,47,2,0,0,,
L16,A,AO.s,EH0116,AO1,AO.g,A,116,2,0,0,,
L16,A,AO.s,EH0121,AO1,AO.g,A,57,2,0,1,,
L16,A,AO.s,EH0122,AO1,AO.g,A,46,2,0,0,,
L16,A,AO.s,EH0123,AO1,AO.g,A,119,2,0,0,,
L16,A,AO.s,EH0128,AO1,AO.g,A,4,2,0,1,,
L16,A,AO.s,EH0130,AO1,AO.g,A,106,2,0,0,,
L16,A,AO.s,EH0131,AO1,AO.g,A,94,2,0,0,,
L17,A,AO.s,EH0134,AO1,AO.g,A,92,2,0,1,,
L17,A,AO.s,EH0135,AO1,AO.g,A,32,2,0,1,,
L17,A,AO.s,EH0136,AO1,AO.g,A,100,2,0,1,,
L17,A,AO.s,EH0137,AO1,AO.g,A,26,2,0,1,,
L17,A,AO.s,EH0138,AO1,AO.g,A,39,2,0,1,,
L17,A,AO.s,EH0145,AO1,AO.g,A,87,2,0,1,,
L17,A,AO.s,EH0146,AO1,AO.g,A,7,2,0,1,,
L17,A,AO.s,EH0150,AO1,AO.g,A,25,2,0,1,,
L17,A,AO.s,EH0151,AO1,AO.g,A,73,2,0,1,,
L17,A,AO.s,EH0152,AO1,AO.g,A,99,2,0,0,,
L06,A,AO.s,EH0155,AO1,AO.g,A,108,2,0,0,,
L06,A,AO.s,EH0156,AO1,AO.g,A,66,2,0,0,,
L06,A,AO.s,EH0158,AO1,AO.g,A,67,2,1,1,,
L06,A,AO.s,EH0159,AO1,AO.g,A,76,2,0,1,,
L06,A,AO.s,EH0163,AO1,AO.g,A,49,2,0,1,,
L06,A,AO.s,EH0164,AO1,AO.g,A,12,2,0,1,,
L06,A,AO.s,EH0170,AO1,AO.g,A,29,2,0,1,,
L06,A,AO.s,EH0172,AO1,AO.g,A,103,2,0,1,,
L06,A,AO.s,EH0173,AO1,AO.g,A,11,2,0,0,,
L06,A,AO.s,EH0176,AO1,AO.g,A,98,2,0,1,,
B49,S,SO.s,EH0184,AO1,AO.g,A,43,2,0,0,,
B49,S,SO.s,EH0188,AO1,AO.g,A,64,2,0,1,,
B49,S,SO.s,EH0190,AO1,AO.g,A,42,2,0,0,,
B49,S,SO.s,EH0194,AO1,AO.g,A,77,2,0,1,,
B49,S,SO.s,EH0195,AO1,AO.g,A,50,2,0,1,,
B49,S,SO.s,EH0197,AO1,AO.g,A,118,2,0,0,,
B49,S,SO.s,EH0198,AO1,AO.g,A,18,2,0,1,,
B49,S,SO.s,EH0199,AO1,AO.g,A,9,2,0,0,,
B49,S,SO.s,EH0200,AO1,AO.g,A,111,2,0,0,,
B46,S,S.s,EH0201,AO1,AO.g,A,2,2,0,0,,
B46,S,S.s,EH0202,AO1,AO.g,A,63,2,0,1,,
B46,S,S.s,EH0203,AO1,AO.g,A,33,2,0,1,,
B46,S,S.s,EH0204,AO1,AO.g,A,15,2,0,0,,
B46,S,S.s,EH0206,AO1,AO.g,A,102,2,0,1,,
B46,S,S.s,EH0207,AO1,AO.g,A,101,2,0,1,,
B46,S,S.s,EH0208,AO1,AO.g,A,20,2,0,1,,
B46,S,S.s,EH0210,AO1,AO.g,A,95,2,0,1,,
B46,S,S.s,EH0211,AO1,AO.g,A,89,2,0,1,,
B46,S,S.s,EH0216,AO1,AO.g,A,85,2,0,1,,
B42,S,S.s,EH0231,AO1,AO.g,A,93,2,0,1,,
B42,S,S.s,EH0232,AO1,AO.g,A,8,2,0,1,,
B42,S,S.s,EH0233,AO1,AO.g,A,62,2,0,1,,
B42,S,S.s,EH0237,AO1,AO.g,A,115,2,0,0,,
B42,S,S.s,EH0238,AO1,AO.g,A,80,2,0,1,,
B42,S,S.s,EH0239,AO1,AO.g,A,75,2,0,1,,
B42,S,S.s,EH0240,AO1,AO.g,A,22,2,0,1,,
B42,S,S.s,EH0244,AO1,AO.g,A,40,2,0,1,,
B53,S,S.s,EH0248,AO1,AO.g,A,117,2,0,1,,
B53,S,S.s,EH0253,AO1,AO.g,A,51,2,0,0,,
B53,S,S.s,EH0254,AO1,AO.g,A,81,2,0,1,,
B53,S,S.s,EH0260,AO1,AO.g,A,19,2,0,0,,
B53,S,S.s,EH0261,AO1,AO.g,A,36,2,0,0,,
B53,S,S.s,EH0262,AO1,AO.g,A,83,2,0,1,,
B53,S,S.s,EH0264,AO1,AO.g,A,69,2,0,1,,
B53,S,S.s,EH0265,AO1,AO.g,A,90,2,0,1,,
B53,S,S.s,EH0269,AO1,AO.g,A,68,2,0,1,,
B53,S,S.s,EH0273,AO1,AO.g,A,34,2,0,0,,
B49,S,SO.s,AW0041,AO2,AO.g,A,46,2,0,1,,
B42,S,S.s,AW0163,AO2,AO.g,A,2,2,0,1,,
B42,S,S.s,AW0175,AO2,AO.g,A,54,2,0,1,,
L11,S,SO.s,AW0186,AO2,AO.g,A,82,2,0,0,,
L11,S,SO.s,AW0187,AO2,AO.g,A,10,2,0,1,,
L11,S,SO.s,AW0190,AO2,AO.g,A,3,2,0,1,,
L11,S,SO.s,AW0194,AO2,AO.g,A,49,2,0,1,,
L11,S,SO.s,AW0198,AO2,AO.g,A,47,2,0,0,,
L11,S,SO.s,AW0200,AO2,AO.g,A,42,2,0,0,,
L11,S,SO.s,AW0203,AO2,AO.g,A,102,2,0,0,,
L11,S,SO.s,AW0210,AO2,AO.g,A,103,2,0,1,,
L11,S,SO.s,AW0211,AO2,AO.g,A,9,2,0,0,,
L11,S,SO.s,AW0213,AO2,AO.g,A,27,2,0,0,,
L12,S,SO.s,AW0283,AO2,AO.g,A,77,2,0,1,,
L12,S,SO.s,AW0286,AO2,AO.g,A,99,2,0,1,,
L12,S,SO.s,AW0289,AO2,AO.g,A,4,2,0,1,,
L12,S,SO.s,AW0291,AO2,AO.g,A,88,2,0,1,,
L12,S,SO.s,AW0292,AO2,AO.g,A,19,2,0,1,,
L12,S,SO.s,AW0293,AO2,AO.g,A,89,2,0,0,,
L12,S,SO.s,AW0294,AO2,AO.g,A,25,2,0,1,,
L12,S,SO.s,AW0296,AO2,AO.g,A,51,2,0,1,,
L12,S,SO.s,AW0299,AO2,AO.g,A,32,2,0,1,,
L12,S,SO.s,AW0302,AO2,AO.g,A,100,2,0,1,,
C27,A,A.s,EH0005,AO2,AO.g,A,87,2,0,1,,
C27,A,A.s,EH0007,AO2,AO.g,A,84,2,0,1,,
C27,A,A.s,EH0011,AO2,AO.g,A,81,2,0,1,,
C27,A,A.s,EH0014,AO2,AO.g,A,62,2,0,1,,
C27,A,A.s,EH0016,AO2,AO.g,A,34,2,0,1,,
C27,A,A.s,EH0018,AO2,AO.g,A,11,2,0,1,,
C27,A,A.s,EH0019,AO2,AO.g,A,93,2,0,1,,
C27,A,A.s,EH0020,AO2,AO.g,A,91,2,0,1,,
C27,A,A.s,EH0022,AO2,AO.g,A,116,2,0,1,,
C27,A,A.s,EH0030,AO2,AO.g,A,92,2,0,1,,
C85,A,A.s,EH0045,AO2,AO.g,A,101,2,0,1,,
C85,A,A.s,EH0047,AO2,AO.g,A,40,2,0,1,,
C85,A,A.s,EH0048,AO2,AO.g,A,104,2,0,1,,
C85,A,A.s,EH0049,AO2,AO.g,A,36,2,0,1,,
C85,A,A.s,EH0051,AO2,AO.g,A,1,2,1,1,,
C86,A,A.s,EH0052,AO2,AO.g,A,15,2,0,1,,
C86,A,A.s,EH0053,AO2,AO.g,A,113,2,0,1,,
C86,A,A.s,EH0054,AO2,AO.g,A,69,2,0,1,,
C86,A,A.s,EH0060,AO2,AO.g,A,52,2,0,1,,
C86,A,A.s,EH0061,AO2,AO.g,A,43,2,0,1,,
C86,A,A.s,EH0062,AO2,AO.g,A,55,2,0,0,,
C86,A,A.s,EH0064,AO2,AO.g,A,78,2,0,1,,
C86,A,A.s,EH0066,AO2,AO.g,A,13,2,0,1,,
C86,A,A.s,EH0069,AO2,AO.g,A,50,2,0,1,,
C86,A,A.s,EH0072,AO2,AO.g,A,5,2,0,1,,
C85,A,A.s,EH0075,AO2,AO.g,A,16,2,0,1,,
C85,A,A.s,EH0078,AO2,AO.g,A,80,2,0,1,,
C85,A,A.s,EH0080,AO2,AO.g,A,110,2,0,1,,
C85,A,A.s,EH0082,AO2,AO.g,A,18,2,0,1,,
C85,A,A.s,EH0084,AO2,AO.g,A,7,2,1,1,,
L16,A,AO.s,EH0113,AO2,AO.g,A,74,2,0,1,,
L16,A,AO.s,EH0114,AO2,AO.g,A,114,2,0,1,,
L16,A,AO.s,EH0115,AO2,AO.g,A,6,2,0,1,,
L16,A,AO.s,EH0116,AO2,AO.g,A,29,2,1,1,,
L16,A,AO.s,EH0121,AO2,AO.g,A,90,2,0,1,,
L16,A,AO.s,EH0122,AO2,AO.g,A,45,2,0,1,,
L16,A,AO.s,EH0123,AO2,AO.g,A,65,2,0,1,,
L16,A,AO.s,EH0128,AO2,AO.g,A,48,2,0,1,,
L16,A,AO.s,EH0130,AO2,AO.g,A,58,2,0,0,,
L16,A,AO.s,EH0131,AO2,AO.g,A,63,2,0,1,,
L17,A,AO.s,EH0134,AO2,AO.g,A,72,2,0,1,,
L17,A,AO.s,EH0135,AO2,AO.g,A,95,2,0,1,,
L17,A,AO.s,EH0136,AO2,AO.g,A,33,2,0,1,,
L17,A,AO.s,EH0137,AO2,AO.g,A,85,2,0,1,,
L17,A,AO.s,EH0138,AO2,AO.g,A,53,2,0,1,,
L17,A,AO.s,EH0145,AO2,AO.g,A,73,2,0,1,,
L17,A,AO.s,EH0146,AO2,AO.g,A,66,2,0,1,,
L17,A,AO.s,EH0150,AO2,AO.g,A,28,2,0,1,,
L17,A,AO.s,EH0151,AO2,AO.g,A,96,2,0,1,,
L17,A,AO.s,EH0152,AO2,AO.g,A,20,2,0,1,,
L06,A,AO.s,EH0155,AO2,AO.g,A,97,2,0,1,,
L06,A,AO.s,EH0156,AO2,AO.g,A,118,2,0,1,,
L06,A,AO.s,EH0158,AO2,AO.g,A,112,2,0,1,,
L06,A,AO.s,EH0159,AO2,AO.g,A,61,2,0,1,,
L06,A,AO.s,EH0163,AO2,AO.g,A,12,2,0,1,,
L06,A,AO.s,EH0164,AO2,AO.g,A,86,2,0,1,,
L06,A,AO.s,EH0170,AO2,AO.g,A,37,2,0,1,,
L06,A,AO.s,EH0172,AO2,AO.g,A,17,2,0,1,,
L06,A,AO.s,EH0173,AO2,AO.g,A,94,2,0,1,,
L06,A,AO.s,EH0176,AO2,AO.g,A,75,2,0,1,,
B49,S,SO.s,EH0184,AO2,AO.g,A,98,2,0,1,,
B49,S,SO.s,EH0188,AO2,AO.g,A,57,2,0,1,,
B49,S,SO.s,EH0190,AO2,AO.g,A,111,2,0,1,,
B49,S,SO.s,EH0194,AO2,AO.g,A,35,2,0,1,,
B49,S,SO.s,EH0195,AO2,AO.g,A,21,2,0,0,,
B49,S,SO.s,EH0197,AO2,AO.g,A,67,2,0,1,,
B49,S,SO.s,EH0198,AO2,AO.g,A,31,2,0,1,,
B49,S,SO.s,EH0199,AO2,AO.g,A,79,2,0,1,,
B49,S,SO.s,EH0200,AO2,AO.g,A,23,2,0,1,,
B46,S,S.s,EH0201,AO2,AO.g,A,119,2,0,0,,
B46,S,S.s,EH0202,AO2,AO.g,A,70,2,0,1,,
B46,S,S.s,EH0203,AO2,AO.g,A,38,2,1,1,,
B46,S,S.s,EH0204,AO2,AO.g,A,56,2,0,0,,
B46,S,S.s,EH0206,AO2,AO.g,A,22,2,0,1,,
B46,S,S.s,EH0207,AO2,AO.g,A,14,2,0,1,,
B46,S,S.s,EH0208,AO2,AO.g,A,44,2,1,1,,
B46,S,S.s,EH0210,AO2,AO.g,A,109,2,0,1,,
B46,S,S.s,EH0211,AO2,AO.g,A,108,2,0,1,,
B46,S,S.s,EH0216,AO2,AO.g,A,60,2,0,1,,
B42,S,S.s,EH0231,AO2,AO.g,A,106,2,0,0,,
B42,S,S.s,EH0232,AO2,AO.g,A,71,2,0,1,,
B42,S,S.s,EH0233,AO2,AO.g,A,120,2,0,1,,
B42,S,S.s,EH0237,AO2,AO.g,A,41,2,0,1,,
B42,S,S.s,EH0238,AO2,AO.g,A,8,2,0,1,,
B42,S,S.s,EH0239,AO2,AO.g,A,59,2,0,1,,
B42,S,S.s,EH0240,AO2,AO.g,A,107,2,1,1,,
B42,S,S.s,EH0244,AO2,AO.g,A,83,2,0,1,,
B53,S,S.s,EH0248,AO2,AO.g,A,24,2,0,0,,
B53,S,S.s,EH0253,AO2,AO.g,A,105,2,0,0,,
B53,S,S.s,EH0254,AO2,AO.g,A,115,2,0,1,,
B53,S,S.s,EH0260,AO2,AO.g,A,30,2,0,0,,
B53,S,S.s,EH0261,AO2,AO.g,A,76,2,0,0,,
B53,S,S.s,EH0262,AO2,AO.g,A,26,2,0,1,,
B53,S,S.s,EH0264,AO2,AO.g,A,64,2,0,1,,
B53,S,S.s,EH0265,AO2,AO.g,A,117,2,0,0,,
B53,S,S.s,EH0269,AO2,AO.g,A,39,2,0,0,,
B53,S,S.s,EH0273,AO2,AO.g,A,68,2,0,1,,
B49,S,SO.s,AW0041,SO1,SO.g,S,96,2,0,0,,
B42,S,S.s,AW0163,SO1,SO.g,S,24,2,0,1,,
B42,S,S.s,AW0175,SO1,SO.g,S,34,2,0,1,,
L11,S,SO.s,AW0186,SO1,SO.g,S,1,2,1,1,,
L11,S,SO.s,AW0187,SO1,SO.g,S,21,2,0,1,,
L11,S,SO.s,AW0190,SO1,SO.g,S,107,2,0,1,,
L11,S,SO.s,AW0194,SO1,SO.g,S,50,2,1,1,,
L11,S,SO.s,AW0198,SO1,SO.g,S,114,2,0,0,,
L11,S,SO.s,AW0200,SO1,SO.g,S,120,2,0,0,,
L11,S,SO.s,AW0203,SO1,SO.g,S,42,2,0,1,,
L11,S,SO.s,AW0210,SO1,SO.g,S,45,2,0,1,,
L11,S,SO.s,AW0211,SO1,SO.g,S,37,2,0,0,,
L11,S,SO.s,AW0213,SO1,SO.g,S,69,2,0,1,,
L12,S,SO.s,AW0283,SO1,SO.g,S,3,2,0,0,,
L12,S,SO.s,AW0286,SO1,SO.g,S,100,2,0,0,,
L12,S,SO.s,AW0289,SO1,SO.g,S,67,2,0,1,,
L12,S,SO.s,AW0291,SO1,SO.g,S,47,2,0,0,,
L12,S,SO.s,AW0292,SO1,SO.g,S,79,2,0,0,,
L12,S,SO.s,AW0293,SO1,SO.g,S,6,2,0,0,,
L12,S,SO.s,AW0294,SO1,SO.g,S,119,2,0,0,,
L12,S,SO.s,AW0296,SO1,SO.g,S,57,2,0,1,,
L12,S,SO.s,AW0299,SO1,SO.g,S,38,2,0,1,,
L12,S,SO.s,AW0302,SO1,SO.g,S,89,2,0,1,,
C27,A,A.s,EH0005,SO1,SO.g,S,40,2,0,0,,
C27,A,A.s,EH0007,SO1,SO.g,S,72,2,0,0,,
C27,A,A.s,EH0011,SO1,SO.g,S,83,2,0,1,,
C27,A,A.s,EH0014,SO1,SO.g,S,27,2,0,1,,
C27,A,A.s,EH0016,SO1,SO.g,S,99,2,0,1,,
C27,A,A.s,EH0018,SO1,SO.g,S,9,2,0,1,,
C27,A,A.s,EH0019,SO1,SO.g,S,70,2,0,1,,
C27,A,A.s,EH0020,SO1,SO.g,S,53,2,0,0,,
C27,A,A.s,EH0022,SO1,SO.g,S,46,2,0,1,,
C27,A,A.s,EH0030,SO1,SO.g,S,39,2,0,0,,
C85,A,A.s,EH0045,SO1,SO.g,S,17,2,0,0,,
C85,A,A.s,EH0047,SO1,SO.g,S,65,2,0,0,,
C85,A,A.s,EH0048,SO1,SO.g,S,62,2,0,0,,
C85,A,A.s,EH0049,SO1,SO.g,S,94,2,0,1,,
C85,A,A.s,EH0051,SO1,SO.g,S,56,2,0,0,,
C86,A,A.s,EH0052,SO1,SO.g,S,92,2,0,1,,
C86,A,A.s,EH0053,SO1,SO.g,S,110,2,0,1,,
C86,A,A.s,EH0054,SO1,SO.g,S,68,2,0,1,,
C86,A,A.s,EH0060,SO1,SO.g,S,91,2,0,0,,
C86,A,A.s,EH0061,SO1,SO.g,S,12,2,0,1,,
C86,A,A.s,EH0062,SO1,SO.g,S,19,2,0,0,,
C86,A,A.s,EH0064,SO1,SO.g,S,105,2,0,1,,
C86,A,A.s,EH0066,SO1,SO.g,S,115,2,0,0,,
C86,A,A.s,EH0069,SO1,SO.g,S,71,2,0,1,,
C86,A,A.s,EH0072,SO1,SO.g,S,77,2,0,1,,
C85,A,A.s,EH0075,SO1,SO.g,S,32,2,0,1,,
C85,A,A.s,EH0078,SO1,SO.g,S,103,2,0,0,,
C85,A,A.s,EH0080,SO1,SO.g,S,108,2,0,1,,
C85,A,A.s,EH0082,SO1,SO.g,S,87,2,0,0,,
C85,A,A.s,EH0084,SO1,SO.g,S,75,2,0,1,,
L16,A,AO.s,EH0113,SO1,SO.g,S,51,2,0,1,,
L16,A,AO.s,EH0114,SO1,SO.g,S,58,2,0,0,,
L16,A,AO.s,EH0115,SO1,SO.g,S,28,2,0,0,,
L16,A,AO.s,EH0116,SO1,SO.g,S,43,2,0,0,,
L16,A,AO.s,EH0121,SO1,SO.g,S,111,2,0,1,,
L16,A,AO.s,EH0122,SO1,SO.g,S,55,2,0,1,,
L16,A,AO.s,EH0123,SO1,SO.g,S,16,2,0,0,,
L16,A,AO.s,EH0128,SO1,SO.g,S,48,2,0,1,,
L16,A,AO.s,EH0130,SO1,SO.g,S,80,2,0,1,,
L16,A,AO.s,EH0131,SO1,SO.g,S,22,2,0,0,,
L17,A,AO.s,EH0134,SO1,SO.g,S,13,2,0,1,,
L17,A,AO.s,EH0135,SO1,SO.g,S,116,2,0,0,,
L17,A,AO.s,EH0136,SO1,SO.g,S,61,2,1,1,,
L17,A,AO.s,EH0137,SO1,SO.g,S,73,2,0,1,,
L17,A,AO.s,EH0138,SO1,SO.g,S,93,2,0,1,,
L17,A,AO.s,EH0145,SO1,SO.g,S,25,2,0,1,,
L17,A,AO.s,EH0146,SO1,SO.g,S,15,2,0,1,,
L17,A,AO.s,EH0150,SO1,SO.g,S,76,2,0,1,,
L17,A,AO.s,EH0151,SO1,SO.g,S,106,2,0,1,,
L17,A,AO.s,EH0152,SO1,SO.g,S,85,2,0,0,,
L06,A,AO.s,EH0155,SO1,SO.g,S,81,2,0,1,,
L06,A,AO.s,EH0156,SO1,SO.g,S,101,2,0,0,,
L06,A,AO.s,EH0158,SO1,SO.g,S,117,2,0,1,,
L06,A,AO.s,EH0159,SO1,SO.g,S,52,2,0,1,,
L06,A,AO.s,EH0163,SO1,SO.g,S,98,2,0,0,,
L06,A,AO.s,EH0164,SO1,SO.g,S,11,2,0,1,,
L06,A,AO.s,EH0170,SO1,SO.g,S,64,2,0,1,,
L06,A,AO.s,EH0172,SO1,SO.g,S,60,2,1,1,,
L06,A,AO.s,EH0173,SO1,SO.g,S,88,2,0,1,,
L06,A,AO.s,EH0176,SO1,SO.g,S,7,2,0,0,,
B49,S,SO.s,EH0184,SO1,SO.g,S,102,2,0,0,,
B49,S,SO.s,EH0188,SO1,SO.g,S,63,2,0,1,,
B49,S,SO.s,EH0190,SO1,SO.g,S,30,2,0,0,,
B49,S,SO.s,EH0194,SO1,SO.g,S,26,2,0,1,,
B49,S,SO.s,EH0195,SO1,SO.g,S,14,2,0,0,,
B49,S,SO.s,EH0197,SO1,SO.g,S,41,2,0,0,,
B49,S,SO.s,EH0198,SO1,SO.g,S,2,2,0,0,,
B49,S,SO.s,EH0199,SO1,SO.g,S,44,2,0,1,,
B49,S,SO.s,EH0200,SO1,SO.g,S,10,2,0,0,,
B46,S,S.s,EH0201,SO1,SO.g,S,97,2,0,0,,
B46,S,S.s,EH0202,SO1,SO.g,S,8,2,0,0,,
B46,S,S.s,EH0203,SO1,SO.g,S,66,2,0,1,,
B46,S,S.s,EH0204,SO1,SO.g,S,78,2,0,0,,
B46,S,S.s,EH0206,SO1,SO.g,S,33,2,0,1,,
B46,S,S.s,EH0207,SO1,SO.g,S,35,2,0,1,,
B46,S,S.s,EH0208,SO1,SO.g,S,95,2,1,1,,
B46,S,S.s,EH0210,SO1,SO.g,S,113,2,0,0,,
B46,S,S.s,EH0211,SO1,SO.g,S,23,2,0,1,,
B46,S,S.s,EH0216,SO1,SO.g,S,59,2,0,0,,
B42,S,S.s,EH0231,SO1,SO.g,S,4,2,0,0,,
B42,S,S.s,EH0232,SO1,SO.g,S,49,2,1,1,,
B42,S,S.s,EH0233,SO1,SO.g,S,112,2,0,0,,
B42,S,S.s,EH0237,SO1,SO.g,S,118,2,1,1,,
B42,S,S.s,EH0238,SO1,SO.g,S,20,2,0,1,,
B42,S,S.s,EH0239,SO1,SO.g,S,104,2,0,1,,
B42,S,S.s,EH0240,SO1,SO.g,S,31,2,0,0,,
B42,S,S.s,EH0244,SO1,SO.g,S,36,2,0,1,,
B53,S,S.s,EH0248,SO1,SO.g,S,86,2,0,1,,
B53,S,S.s,EH0253,SO1,SO.g,S,5,2,0,0,,
B53,S,S.s,EH0254,SO1,SO.g,S,29,2,0,1,,
B53,S,S.s,EH0260,SO1,SO.g,S,18,2,0,0,,
B53,S,S.s,EH0261,SO1,SO.g,S,90,2,0,0,,
B53,S,S.s,EH0262,SO1,SO.g,S,109,2,0,0,,
B53,S,S.s,EH0264,SO1,SO.g,S,84,2,0,1,,
B53,S,S.s,EH0265,SO1,SO.g,S,54,2,0,1,,
B53,S,S.s,EH0269,SO1,SO.g,S,82,2,0,0,,
B53,S,S.s,EH0273,SO1,SO.g,S,74,2,0,0,,
B49,S,SO.s,AW0041,SO2,SO.g,S,75,2,0,1,,
B42,S,S.s,AW0163,SO2,SO.g,S,6,2,0,1,,
B42,S,S.s,AW0175,SO2,SO.g,S,80,2,0,0,,
L11,S,SO.s,AW0186,SO2,SO.g,S,91,2,0,0,,
L11,S,SO.s,AW0187,SO2,SO.g,S,103,2,0,1,,
L11,S,SO.s,AW0190,SO2,SO.g,S,24,2,0,1,,
L11,S,SO.s,AW0194,SO2,SO.g,S,4,2,0,1,,
L11,S,SO.s,AW0198,SO2,SO.g,S,10,2,0,0,,
L11,S,SO.s,AW0200,SO2,SO.g,S,113,2,0,0,,
L11,S,SO.s,AW0203,SO2,SO.g,S,85,2,0,1,,
L11,S,SO.s,AW0210,SO2,SO.g,S,81,2,0,1,,
L11,S,SO.s,AW0211,SO2,SO.g,S,93,2,0,0,,
L11,S,SO.s,AW0213,SO2,SO.g,S,99,2,0,0,,
L12,S,SO.s,AW0283,SO2,SO.g,S,70,2,0,1,,
L12,S,SO.s,AW0286,SO2,SO.g,S,87,2,0,1,,
L12,S,SO.s,AW0289,SO2,SO.g,S,107,2,0,1,,
L12,S,SO.s,AW0291,SO2,SO.g,S,40,2,0,0,,
L12,S,SO.s,AW0292,SO2,SO.g,S,25,2,0,1,,
L12,S,SO.s,AW0293,SO2,SO.g,S,30,2,0,0,,
L12,S,SO.s,AW0294,SO2,SO.g,S,12,2,0,0,,
L12,S,SO.s,AW0296,SO2,SO.g,S,97,2,0,1,,
L12,S,SO.s,AW0299,SO2,SO.g,S,118,2,0,0,,
L12,S,SO.s,AW0302,SO2,SO.g,S,71,2,0,1,,
C27,A,A.s,EH0005,SO2,SO.g,S,9,2,0,1,,
C27,A,A.s,EH0007,SO2,SO.g,S,5,2,0,1,,
C27,A,A.s,EH0011,SO2,SO.g,S,31,2,0,0,,
C27,A,A.s,EH0014,SO2,SO.g,S,36,2,0,0,,
C27,A,A.s,EH0016,SO2,SO.g,S,48,2,0,1,,
C27,A,A.s,EH0018,SO2,SO.g,S,95,2,0,0,,
C27,A,A.s,EH0019,SO2,SO.g,S,94,2,0,0,,
C27,A,A.s,EH0020,SO2,SO.g,S,43,2,1,1,,
C27,A,A.s,EH0022,SO2,SO.g,S,119,2,0,0,,
C27,A,A.s,EH0030,SO2,SO.g,S,83,2,0,1,,
C85,A,A.s,EH0045,SO2,SO.g,S,109,2,0,1,,
C85,A,A.s,EH0047,SO2,SO.g,S,16,2,0,0,,
C85,A,A.s,EH0048,SO2,SO.g,S,14,2,0,0,,
C85,A,A.s,EH0049,SO2,SO.g,S,112,2,0,0,,
C85,A,A.s,EH0051,SO2,SO.g,S,73,2,0,1,,
C86,A,A.s,EH0052,SO2,SO.g,S,37,2,0,1,,
C86,A,A.s,EH0053,SO2,SO.g,S,19,2,0,1,,
C86,A,A.s,EH0054,SO2,SO.g,S,110,2,0,1,,
C86,A,A.s,EH0060,SO2,SO.g,S,26,2,0,1,,
C86,A,A.s,EH0061,SO2,SO.g,S,115,2,0,1,,
C86,A,A.s,EH0062,SO2,SO.g,S,42,2,0,1,,
C86,A,A.s,EH0064,SO2,SO.g,S,100,2,0,1,,
C86,A,A.s,EH0066,SO2,SO.g,S,2,2,0,0,,
C86,A,A.s,EH0069,SO2,SO.g,S,106,2,0,1,,
C86,A,A.s,EH0072,SO2,SO.g,S,102,2,0,1,,
C85,A,A.s,EH0075,SO2,SO.g,S,13,2,0,1,,
C85,A,A.s,EH0078,SO2,SO.g,S,82,2,0,1,,
C85,A,A.s,EH0080,SO2,SO.g,S,7,2,0,0,,
C85,A,A.s,EH0082,SO2,SO.g,S,105,2,0,0,,
C85,A,A.s,EH0084,SO2,SO.g,S,51,2,0,1,,
L16,A,AO.s,EH0113,SO2,SO.g,S,72,2,0,0,,
L16,A,AO.s,EH0114,SO2,SO.g,S,53,2,0,0,,
L16,A,AO.s,EH0115,SO2,SO.g,S,64,2,0,0,,
L16,A,AO.s,EH0116,SO2,SO.g,S,60,2,0,1,,
L16,A,AO.s,EH0121,SO2,SO.g,S,79,2,0,0,,
L16,A,AO.s,EH0122,SO2,SO.g,S,77,2,0,0,,
L16,A,AO.s,EH0123,SO2,SO.g,S,35,2,0,0,,
L16,A,AO.s,EH0128,SO2,SO.g,S,65,2,0,0,,
L16,A,AO.s,EH0130,SO2,SO.g,S,74,2,0,0,,
L16,A,AO.s,EH0131,SO2,SO.g,S,117,2,0,0,,
L17,A,AO.s,EH0134,SO2,SO.g,S,47,2,0,0,,
L17,A,AO.s,EH0135,SO2,SO.g,S,50,2,0,1,,
L17,A,AO.s,EH0136,SO2,SO.g,S,54,2,0,0,,
L17,A,AO.s,EH0137,SO2,SO.g,S,92,2,0,1,,
L17,A,AO.s,EH0138,SO2,SO.g,S,114,2,0,0,,
L17,A,AO.s,EH0145,SO2,SO.g,S,55,2,0,0,,
L17,A,AO.s,EH0146,SO2,SO.g,S,15,2,0,0,,
L17,A,AO.s,EH0150,SO2,SO.g,S,34,2,0,0,,
L17,A,AO.s,EH0151,SO2,SO.g,S,33,2,0,0,,
L17,A,AO.s,EH0152,SO2,SO.g,S,108,2,0,0,,
L06,A,AO.s,EH0155,SO2,SO.g,S,22,2,0,0,,
L06,A,AO.s,EH0156,SO2,SO.g,S,116,2,0,1,,
L06,A,AO.s,EH0158,SO2,SO.g,S,18,2,0,0,,
L06,A,AO.s,EH0159,SO2,SO.g,S,46,2,0,0,,
L06,A,AO.s,EH0163,SO2,SO.g,S,56,2,0,0,,
L06,A,AO.s,EH0164,SO2,SO.g,S,17,2,0,1,,
L06,A,AO.s,EH0170,SO2,SO.g,S,76,2,0,1,,
L06,A,AO.s,EH0172,SO2,SO.g,S,29,2,0,0,,
L06,A,AO.s,EH0173,SO2,SO.g,S,104,2,0,1,,
L06,A,AO.s,EH0176,SO2,SO.g,S,49,2,0,0,,
B49,S,SO.s,EH0184,SO2,SO.g,S,96,2,0,0,,
B49,S,SO.s,EH0188,SO2,SO.g,S,89,2,0,1,,
B49,S,SO.s,EH0190,SO2,SO.g,S,98,2,1,1,,
B49,S,SO.s,EH0194,SO2,SO.g,S,68,2,0,0,,
B49,S,SO.s,EH0195,SO2,SO.g,S,45,2,0,1,,
B49,S,SO.s,EH0197,SO2,SO.g,S,21,2,0,0,,
B49,S,SO.s,EH0198,SO2,SO.g,S,38,2,0,0,,
B49,S,SO.s,EH0199,SO2,SO.g,S,52,2,0,0,,
B49,S,SO.s,EH0200,SO2,SO.g,S,39,2,0,0,,
B46,S,S.s,EH0201,SO2,SO.g,S,28,2,0,0,,
B46,S,S.s,EH0202,SO2,SO.g,S,58,2,0,1,,
B46,S,S.s,EH0203,SO2,SO.g,S,32,2,0,0,,
B46,S,S.s,EH0204,SO2,SO.g,S,120,2,0,0,,
B46,S,S.s,EH0206,SO2,SO.g,S,59,2,0,0,,
B46,S,S.s,EH0207,SO2,SO.g,S,62,2,0,1,,
B46,S,S.s,EH0208,SO2,SO.g,S,11,2,0,1,,
B46,S,S.s,EH0210,SO2,SO.g,S,20,2,0,0,,
B46,S,S.s,EH0211,SO2,SO.g,S,66,2,0,1,,
B46,S,S.s,EH0216,SO2,SO.g,S,63,2,0,1,,
B42,S,S.s,EH0231,SO2,SO.g,S,101,2,0,0,,
B42,S,S.s,EH0232,SO2,SO.g,S,86,2,0,1,,
B42,S,S.s,EH0233,SO2,SO.g,S,90,2,0,0,,
B42,S,S.s,EH0237,SO2,SO.g,S,88,2,0,1,,
B42,S,S.s,EH0238,SO2,SO.g,S,8,2,0,1,,
B42,S,S.s,EH0239,SO2,SO.g,S,69,2,0,0,,
B42,S,S.s,EH0240,SO2,SO.g,S,41,2,0,0,,
B42,S,S.s,EH0244,SO2,SO.g,S,27,2,0,1,,
B53,S,S.s,EH0248,SO2,SO.g,S,111,2,0,1,,
B53,S,S.s,EH0253,SO2,SO.g,S,78,2,0,0,,
B53,S,S.s,EH0254,SO2,SO.g,S,84,2,0,1,,
B53,S,S.s,EH0260,SO2,SO.g,S,1,2,0,0,,
B53,S,S.s,EH0261,SO2,SO.g,S,57,2,0,0,,
B53,S,S.s,EH0262,SO2,SO.g,S,61,2,0,0,,
B53,S,S.s,EH0264,SO2,SO.g,S,67,2,0,1,,
B53,S,S.s,EH0265,SO2,SO.g,S,3,2,0,0,,
B53,S,S.s,EH0269,SO2,SO.g,S,44,2,0,0,,
B53,S,S.s,EH0273,SO2,SO.g,S,23,2,0,1,,
B49,S,SO.s,AW0041,SS1,S.g,S,104,2,0,0,,
B42,S,S.s,AW0163,SS1,S.g,S,88,2,0,1,,
B42,S,S.s,AW0175,SS1,S.g,S,112,2,0,0,,
L11,S,SO.s,AW0186,SS1,S.g,S,35,2,0,0,,
L11,S,SO.s,AW0187,SS1,S.g,S,97,2,0,0,,
L11,S,SO.s,AW0190,SS1,S.g,S,4,2,0,0,,
L11,S,SO.s,AW0194,SS1,S.g,S,10,2,0,1,,
L11,S,SO.s,AW0198,SS1,S.g,S,73,2,0,0,,
L11,S,SO.s,AW0200,SS1,S.g,S,107,2,0,0,,
L11,S,SO.s,AW0203,SS1,S.g,S,56,2,0,0,,
L11,S,SO.s,AW0210,SS1,S.g,S,59,2,0,1,,
L11,S,SO.s,AW0211,SS1,S.g,S,68,2,0,0,,
L11,S,SO.s,AW0213,SS1,S.g,S,93,2,0,0,,
L12,S,SO.s,AW0283,SS1,S.g,S,41,2,0,0,,
L12,S,SO.s,AW0286,SS1,S.g,S,70,2,0,0,,
L12,S,SO.s,AW0289,SS1,S.g,S,119,2,0,0,,
L12,S,SO.s,AW0291,SS1,S.g,S,34,2,0,0,,
L12,S,SO.s,AW0292,SS1,S.g,S,3,2,0,0,,
L12,S,SO.s,AW0293,SS1,S.g,S,111,2,0,0,,
L12,S,SO.s,AW0294,SS1,S.g,S,57,2,0,1,,
L12,S,SO.s,AW0296,SS1,S.g,S,99,2,0,1,,
L12,S,SO.s,AW0299,SS1,S.g,S,90,2,0,0,,
L12,S,SO.s,AW0302,SS1,S.g,S,11,2,0,0,,
C27,A,A.s,EH0005,SS1,S.g,S,46,2,0,0,,
C27,A,A.s,EH0007,SS1,S.g,S,55,2,0,0,,
C27,A,A.s,EH0011,SS1,S.g,S,39,2,0,0,,
C27,A,A.s,EH0014,SS1,S.g,S,8,2,0,0,,
C27,A,A.s,EH0016,SS1,S.g,S,118,2,0,0,,
C27,A,A.s,EH0018,SS1,S.g,S,1,2,0,0,,
C27,A,A.s,EH0019,SS1,S.g,S,48,2,0,0,,
C27,A,A.s,EH0020,SS1,S.g,S,9,2,0,0,,
C27,A,A.s,EH0022,SS1,S.g,S,85,2,0,0,,
C27,A,A.s,EH0030,SS1,S.g,S,81,2,0,0,,
C85,A,A.s,EH0045,SS1,S.g,S,79,2,0,0,,
C85,A,A.s,EH0047,SS1,S.g,S,38,2,0,0,,
C85,A,A.s,EH0048,SS1,S.g,S,37,2,0,0,,
C85,A,A.s,EH0049,SS1,S.g,S,42,2,0,0,,
C85,A,A.s,EH0051,SS1,S.g,S,53,2,0,1,,
C86,A,A.s,EH0052,SS1,S.g,S,19,2,0,0,,
C86,A,A.s,EH0053,SS1,S.g,S,63,2,0,0,,
C86,A,A.s,EH0054,SS1,S.g,S,32,2,0,0,,
C86,A,A.s,EH0060,SS1,S.g,S,101,2,0,1,,
C86,A,A.s,EH0061,SS1,S.g,S,29,2,0,0,,
C86,A,A.s,EH0062,SS1,S.g,S,24,2,0,0,,
C86,A,A.s,EH0064,SS1,S.g,S,61,2,0,1,,
C86,A,A.s,EH0066,SS1,S.g,S,6,2,0,0,,
C86,A,A.s,EH0069,SS1,S.g,S,77,2,0,1,,
C86,A,A.s,EH0072,SS1,S.g,S,117,2,0,1,,
C85,A,A.s,EH0075,SS1,S.g,S,54,2,0,1,,
C85,A,A.s,EH0078,SS1,S.g,S,82,2,0,0,,
C85,A,A.s,EH0080,SS1,S.g,S,30,2,0,1,,
C85,A,A.s,EH0082,SS1,S.g,S,116,2,0,0,,
C85,A,A.s,EH0084,SS1,S.g,S,25,2,0,0,,
L16,A,AO.s,EH0113,SS1,S.g,S,52,2,0,0,,
L16,A,AO.s,EH0114,SS1,S.g,S,100,2,0,1,,
L16,A,AO.s,EH0115,SS1,S.g,S,28,2,0,0,,
L16,A,AO.s,EH0116,SS1,S.g,S,40,2,0,0,,
L16,A,AO.s,EH0121,SS1,S.g,S,72,2,0,0,,
L16,A,AO.s,EH0122,SS1,S.g,S,27,2,0,0,,
L16,A,AO.s,EH0123,SS1,S.g,S,108,2,0,0,,
L16,A,AO.s,EH0128,SS1,S.g,S,26,2,0,1,,
L16,A,AO.s,EH0130,SS1,S.g,S,66,2,0,1,,
L16,A,AO.s,EH0131,SS1,S.g,S,74,2,1,1,,
L17,A,AO.s,EH0134,SS1,S.g,S,16,2,0,0,,
L17,A,AO.s,EH0135,SS1,S.g,S,92,2,0,1,,
L17,A,AO.s,EH0136,SS1,S.g,S,60,2,0,0,,
L17,A,AO.s,EH0137,SS1,S.g,S,76,2,0,1,,
L17,A,AO.s,EH0138,SS1,S.g,S,21,2,0,0,,
L17,A,AO.s,EH0145,SS1,S.g,S,62,2,0,1,,
L17,A,AO.s,EH0146,SS1,S.g,S,69,2,0,0,,
L17,A,AO.s,EH0150,SS1,S.g,S,84,2,0,0,,
L17,A,AO.s,EH0151,SS1,S.g,S,95,2,0,1,,
L17,A,AO.s,EH0152,SS1,S.g,S,115,2,0,0,,
L06,A,AO.s,EH0155,SS1,S.g,S,75,2,0,0,,
L06,A,AO.s,EH0156,SS1,S.g,S,44,2,0,1,,
L06,A,AO.s,EH0158,SS1,S.g,S,109,2,0,0,,
L06,A,AO.s,EH0159,SS1,S.g,S,80,2,0,1,,
L06,A,AO.s,EH0163,SS1,S.g,S,36,2,0,0,,
L06,A,AO.s,EH0164,SS1,S.g,S,103,2,0,1,,
L06,A,AO.s,EH0170,SS1,S.g,S,47,2,0,0,,
L06,A,AO.s,EH0172,SS1,S.g,S,50,2,0,1,,
L06,A,AO.s,EH0173,SS1,S.g,S,18,2,0,0,,
L06,A,AO.s,EH0176,SS1,S.g,S,20,2,0,1,,
B49,S,SO.s,EH0184,SS1,S.g,S,14,2,0,0,,
B49,S,SO.s,EH0188,SS1,S.g,S,67,2,0,0,,
B49,S,SO.s,EH0190,SS1,S.g,S,86,2,0,0,,
B49,S,SO.s,EH0194,SS1,S.g,S,105,2,0,0,,
B49,S,SO.s,EH0195,SS1,S.g,S,49,2,0,0,,
B49,S,SO.s,EH0197,SS1,S.g,S,110,2,0,1,,
B49,S,SO.s,EH0198,SS1,S.g,S,15,2,0,0,,
B49,S,SO.s,EH0199,SS1,S.g,S,5,2,0,0,,
B49,S,SO.s,EH0200,SS1,S.g,S,65,2,0,0,,
B46,S,S.s,EH0201,SS1,S.g,S,96,2,0,0,,
B46,S,S.s,EH0202,SS1,S.g,S,7,2,0,0,,
B46,S,S.s,EH0203,SS1,S.g,S,17,2,0,1,,
B46,S,S.s,EH0204,SS1,S.g,S,89,2,0,0,,
B46,S,S.s,EH0206,SS1,S.g,S,98,2,0,1,,
B46,S,S.s,EH0207,SS1,S.g,S,71,2,0,0,,
B46,S,S.s,EH0208,SS1,S.g,S,13,2,0,0,,
B46,S,S.s,EH0210,SS1,S.g,S,12,2,0,0,,
B46,S,S.s,EH0211,SS1,S.g,S,102,2,0,1,,
B46,S,S.s,EH0216,SS1,S.g,S,43,2,0,0,,
B42,S,S.s,EH0231,SS1,S.g,S,51,2,0,0,,
B42,S,S.s,EH0232,SS1,S.g,S,22,2,0,0,,
B42,S,S.s,EH0233,SS1,S.g,S,64,2,0,1,,
B42,S,S.s,EH0237,SS1,S.g,S,120,2,0,1,,
B42,S,S.s,EH0238,SS1,S.g,S,78,2,0,0,,
B42,S,S.s,EH0239,SS1,S.g,S,33,2,0,0,,
B42,S,S.s,EH0240,SS1,S.g,S,83,2,0,0,,
B42,S,S.s,EH0244,SS1,S.g,S,2,2,0,0,,
B53,S,S.s,EH0248,SS1,S.g,S,45,2,0,0,,
B53,S,S.s,EH0253,SS1,S.g,S,31,2,0,0,,
B53,S,S.s,EH0254,SS1,S.g,S,91,2,0,1,,
B53,S,S.s,EH0260,SS1,S.g,S,114,2,0,0,,
B53,S,S.s,EH0261,SS1,S.g,S,106,2,0,0,,
B53,S,S.s,EH0262,SS1,S.g,S,113,2,0,0,,
B53,S,S.s,EH0264,SS1,S.g,S,23,2,0,0,,
B53,S,S.s,EH0265,SS1,S.g,S,87,2,0,0,,
B53,S,S.s,EH0269,SS1,S.g,S,94,2,0,0,,
B53,S,S.s,EH0273,SS1,S.g,S,58,2,1,1,,
B49,S,SO.s,AW0041,SS2,S.g,S,52,2,0,0,,
B42,S,S.s,AW0163,SS2,S.g,S,5,2,0,0,,
B42,S,S.s,AW0175,SS2,S.g,S,22,2,0,0,,
L11,S,SO.s,AW0186,SS2,S.g,S,99,2,0,0,,
L11,S,SO.s,AW0187,SS2,S.g,S,30,2,0,0,,
L11,S,SO.s,AW0190,SS2,S.g,S,80,2,0,0,,
L11,S,SO.s,AW0194,SS2,S.g,S,54,2,0,0,,
L11,S,SO.s,AW0198,SS2,S.g,S,6,2,0,0,,
L11,S,SO.s,AW0200,SS2,S.g,S,47,2,0,0,,
L11,S,SO.s,AW0203,SS2,S.g,S,45,2,0,0,,
L11,S,SO.s,AW0210,SS2,S.g,S,40,2,0,0,,
L11,S,SO.s,AW0211,SS2,S.g,S,7,2,0,0,,
L11,S,SO.s,AW0213,SS2,S.g,S,69,2,0,0,,
L12,S,SO.s,AW0283,SS2,S.g,S,81,2,0,0,,
L12,S,SO.s,AW0286,SS2,S.g,S,25,2,0,0,,
L12,S,SO.s,AW0289,SS2,S.g,S,3,2,0,0,,
L12,S,SO.s,AW0291,SS2,S.g,S,120,2,0,0,,
L12,S,SO.s,AW0292,SS2,S.g,S,82,2,0,0,,
L12,S,SO.s,AW0293,SS2,S.g,S,37,2,0,0,,
L12,S,SO.s,AW0294,SS2,S.g,S,43,2,0,0,,
L12,S,SO.s,AW0296,SS2,S.g,S,44,2,0,0,,
L12,S,SO.s,AW0299,SS2,S.g,S,61,2,0,0,,
L12,S,SO.s,AW0302,SS2,S.g,S,49,2,0,0,,
C27,A,A.s,EH0005,SS2,S.g,S,83,2,0,0,,
C27,A,A.s,EH0007,SS2,S.g,S,2,2,0,0,,
C27,A,A.s,EH0011,SS2,S.g,S,28,2,0,0,,
C27,A,A.s,EH0014,SS2,S.g,S,79,2,0,0,,
C27,A,A.s,EH0016,SS2,S.g,S,75,2,0,1,,
C27,A,A.s,EH0018,SS2,S.g,S,96,2,0,0,,
C27,A,A.s,EH0019,SS2,S.g,S,33,2,0,0,,
C27,A,A.s,EH0020,SS2,S.g,S,89,2,0,0,,
C27,A,A.s,EH0022,SS2,S.g,S,51,2,0,0,,
C27,A,A.s,EH0030,SS2,S.g,S,9,2,0,0,,
C85,A,A.s,EH0045,SS2,S.g,S,112,2,0,0,,
C85,A,A.s,EH0047,SS2,S.g,S,119,2,0,0,,
C85,A,A.s,EH0048,SS2,S.g,S,106,2,0,0,,
C85,A,A.s,EH0049,SS2,S.g,S,70,2,0,0,,
C85,A,A.s,EH0051,SS2,S.g,S,36,2,0,0,,
C86,A,A.s,EH0052,SS2,S.g,S,63,2,0,0,,
C86,A,A.s,EH0053,SS2,S.g,S,32,2,0,0,,
C86,A,A.s,EH0054,SS2,S.g,S,65,2,0,0,,
C86,A,A.s,EH0060,SS2,S.g,S,84,2,0,0,,
C86,A,A.s,EH0061,SS2,S.g,S,60,2,0,0,,
C86,A,A.s,EH0062,SS2,S.g,S,78,2,0,0,,
C86,A,A.s,EH0064,SS2,S.g,S,4,2,0,0,,
C86,A,A.s,EH0066,SS2,S.g,S,11,2,0,0,,
C86,A,A.s,EH0069,SS2,S.g,S,17,2,0,0,,
C86,A,A.s,EH0072,SS2,S.g,S,41,2,0,0,,
C85,A,A.s,EH0075,SS2,S.g,S,104,2,0,0,,
C85,A,A.s,EH0078,SS2,S.g,S,53,2,0,0,,
C85,A,A.s,EH0080,SS2,S.g,S,105,2,0,0,,
C85,A,A.s,EH0082,SS2,S.g,S,13,2,0,0,,
C85,A,A.s,EH0084,SS2,S.g,S,92,2,0,0,,
L16,A,AO.s,EH0113,SS2,S.g,S,117,2,0,0,,
L16,A,AO.s,EH0114,SS2,S.g,S,87,2,0,0,,
L16,A,AO.s,EH0115,SS2,S.g,S,56,2,0,0,,
L16,A,AO.s,EH0116,SS2,S.g,S,109,2,0,0,,
L16,A,AO.s,EH0121,SS2,S.g,S,57,2,0,0,,
L16,A,AO.s,EH0122,SS2,S.g,S,100,2,0,0,,
L16,A,AO.s,EH0123,SS2,S.g,S,93,2,0,0,,
L16,A,AO.s,EH0128,SS2,S.g,S,20,2,0,0,,
L16,A,AO.s,EH0130,SS2,S.g,S,111,2,0,0,,
L16,A,AO.s,EH0131,SS2,S.g,S,116,2,0,0,,
L17,A,AO.s,EH0134,SS2,S.g,S,42,2,0,0,,
L17,A,AO.s,EH0135,SS2,S.g,S,12,2,0,0,,
L17,A,AO.s,EH0136,SS2,S.g,S,26,2,0,0,,
L17,A,AO.s,EH0137,SS2,S.g,S,68,2,0,0,,
L17,A,AO.s,EH0138,SS2,S.g,S,102,2,0,0,,
L17,A,AO.s,EH0145,SS2,S.g,S,10,2,0,0,,
L17,A,AO.s,EH0146,SS2,S.g,S,73,2,0,0,,
L17,A,AO.s,EH0150,SS2,S.g,S,94,2,0,0,,
L17,A,AO.s,EH0151,SS2,S.g,S,59,2,0,0,,
L17,A,AO.s,EH0152,SS2,S.g,S,101,2,0,0,,
L06,A,AO.s,EH0155,SS2,S.g,S,110,2,0,0,,
L06,A,AO.s,EH0156,SS2,S.g,S,24,2,0,0,,
L06,A,AO.s,EH0158,SS2,S.g,S,34,2,0,0,,
L06,A,AO.s,EH0159,SS2,S.g,S,114,2,0,0,,
L06,A,AO.s,EH0163,SS2,S.g,S,1,2,0,0,,
L06,A,AO.s,EH0164,SS2,S.g,S,38,2,0,0,,
L06,A,AO.s,EH0170,SS2,S.g,S,77,2,0,0,,
L06,A,AO.s,EH0172,SS2,S.g,S,48,2,0,0,,
L06,A,AO.s,EH0173,SS2,S.g,S,118,2,0,0,,
L06,A,AO.s,EH0176,SS2,S.g,S,18,2,0,0,,
B49,S,SO.s,EH0184,SS2,S.g,S,39,2,0,0,,
B49,S,SO.s,EH0188,SS2,S.g,S,14,2,0,0,,
B49,S,SO.s,EH0190,SS2,S.g,S,91,2,0,0,,
B49,S,SO.s,EH0194,SS2,S.g,S,21,2,0,0,,
B49,S,SO.s,EH0195,SS2,S.g,S,85,2,0,0,,
B49,S,SO.s,EH0197,SS2,S.g,S,23,2,0,0,,
B49,S,SO.s,EH0198,SS2,S.g,S,50,2,0,0,,
B49,S,SO.s,EH0199,SS2,S.g,S,46,2,0,0,,
B49,S,SO.s,EH0200,SS2,S.g,S,115,2,0,0,,
B46,S,S.s,EH0201,SS2,S.g,S,31,2,0,0,,
B46,S,S.s,EH0202,SS2,S.g,S,108,2,0,0,,
B46,S,S.s,EH0203,SS2,S.g,S,103,2,0,0,,
B46,S,S.s,EH0204,SS2,S.g,S,72,2,0,0,,
B46,S,S.s,EH0206,SS2,S.g,S,58,2,0,0,,
B46,S,S.s,EH0207,SS2,S.g,S,55,2,0,0,,
B46,S,S.s,EH0208,SS2,S.g,S,107,2,0,0,,
B46,S,S.s,EH0210,SS2,S.g,S,27,2,0,0,,
B46,S,S.s,EH0211,SS2,S.g,S,90,2,0,0,,
B46,S,S.s,EH0216,SS2,S.g,S,8,2,0,0,,
B42,S,S.s,EH0231,SS2,S.g,S,74,2,0,0,,
B42,S,S.s,EH0232,SS2,S.g,S,98,2,1,1,,
B42,S,S.s,EH0233,SS2,S.g,S,86,2,0,0,,
B42,S,S.s,EH0237,SS2,S.g,S,16,2,0,0,,
B42,S,S.s,EH0238,SS2,S.g,S,97,2,0,0,,
B42,S,S.s,EH0239,SS2,S.g,S,67,2,0,0,,
B42,S,S.s,EH0240,SS2,S.g,S,66,2,0,0,,
B42,S,S.s,EH0244,SS2,S.g,S,95,2,0,0,,
B53,S,S.s,EH0248,SS2,S.g,S,76,2,0,0,,
B53,S,S.s,EH0253,SS2,S.g,S,29,2,0,0,,
B53,S,S.s,EH0254,SS2,S.g,S,113,2,0,0,,
B53,S,S.s,EH0260,SS2,S.g,S,64,2,0,0,,
B53,S,S.s,EH0261,SS2,S.g,S,15,2,0,0,,
B53,S,S.s,EH0262,SS2,S.g,S,62,2,0,0,,
B53,S,S.s,EH0264,SS2,S.g,S,19,2,0,1,,
B53,S,S.s,EH0265,SS2,S.g,S,35,2,0,0,,
B53,S,S.s,EH0269,SS2,S.g,S,88,2,0,0,,
B53,S,S.s,EH0273,SS2,S.g,S,71,2,0,0,,